-- phpMyAdmin SQL Dump
-- version 4.0.10deb1
-- http://www.phpmyadmin.net
--
-- Host: localhost
-- Generation Time: Jul 28, 2016 at 09:43 AM
-- Server version: 5.5.47-0ubuntu0.14.04.1
-- PHP Version: 5.5.9-1ubuntu4.14

SET SQL_MODE = "NO_AUTO_VALUE_ON_ZERO";
SET time_zone = "+00:00";


/*!40101 SET @OLD_CHARACTER_SET_CLIENT=@@CHARACTER_SET_CLIENT */;
/*!40101 SET @OLD_CHARACTER_SET_RESULTS=@@CHARACTER_SET_RESULTS */;
/*!40101 SET @OLD_COLLATION_CONNECTION=@@COLLATION_CONNECTION */;
/*!40101 SET NAMES utf8 */;

--
-- Database: `wildalerts_live`
--

-- --------------------------------------------------------

--
-- Table structure for table `admin_login`
--

CREATE TABLE IF NOT EXISTS `admin_login` (
  `id` bigint(50) NOT NULL AUTO_INCREMENT,
  `username` varchar(50) NOT NULL,
  `password` varchar(50) NOT NULL,
  `is_authenticated` smallint(6) NOT NULL,
  `status` smallint(6) NOT NULL,
  PRIMARY KEY (`id`)
) ENGINE=InnoDB  DEFAULT CHARSET=latin1 AUTO_INCREMENT=2 ;

--
-- Dumping data for table `admin_login`
--

INSERT INTO `admin_login` (`id`, `username`, `password`, `is_authenticated`, `status`) VALUES
(1, 'admin', '827ccb0eea8a706c4c34a16891f84e7b', 1, 1);

-- --------------------------------------------------------

--
-- Table structure for table `animals`
--

CREATE TABLE IF NOT EXISTS `animals` (
  `id` bigint(50) NOT NULL AUTO_INCREMENT,
  `name` varchar(200) NOT NULL,
  `image_name` varchar(200) DEFAULT NULL,
  `image_path` varchar(200) DEFAULT NULL,
  `threat_level_id` bigint(50) NOT NULL,
  `category_id` bigint(50) NOT NULL,
  `created_at` datetime NOT NULL,
  `modified_at` datetime NOT NULL,
  `status` smallint(6) NOT NULL COMMENT '0-inactive,1-active',
  PRIMARY KEY (`id`),
  KEY `threat_level_id` (`threat_level_id`),
  KEY `category_id` (`category_id`)
) ENGINE=InnoDB  DEFAULT CHARSET=latin1 AUTO_INCREMENT=139 ;

--
-- Dumping data for table `animals`
--

INSERT INTO `animals` (`id`, `name`, `image_name`, `image_path`, `threat_level_id`, `category_id`, `created_at`, `modified_at`, `status`) VALUES
(63, 'Lion', 'images.jpg', '/var/www/html/upload/animals_images/1452665072images.jpg', 29, 30, '2015-10-26 07:46:16', '2015-10-26 07:46:16', 1),
(64, 'tiger', 'tiger.jpg', '/var/www/html/upload/animals_images/1452668484tiger.jpg', 29, 30, '2015-10-26 07:46:51', '2015-10-26 07:46:51', 1),
(65, 'fox', 'fox.jpg', '/var/www/html/upload/animals_images/1452668659fox.jpg', 28, 30, '2015-10-26 07:47:14', '2015-10-26 07:47:14', 1),
(66, 'Dog', 'dog.jpg', '/var/www/html/upload/animals_images/1452668785dog.jpg', 27, 30, '2015-10-26 07:47:51', '2015-10-26 07:47:51', 1),
(67, 'leopard', 'Leopard.jpg', '/var/www/html/upload/animals_images/1452668936Leopard.jpg', 29, 30, '2015-10-26 07:49:35', '2015-10-26 07:49:35', 1),
(68, 'elephant', 'elephant.jpg', '/var/www/html/upload/animals_images/1452669257elephant.jpg', 27, 30, '2015-10-26 07:59:36', '2015-10-26 07:59:36', 1),
(69, 'giraffe', 'giraffe.jpg', '/var/www/html/upload/animals_images/1452669398giraffe.jpg', 27, 30, '2015-10-26 07:59:36', '2015-10-26 07:59:36', 1),
(70, 'wolf', 'wolf.jpg', '/var/www/html/upload/animals_images/1452669503wolf.jpg', 28, 30, '2015-10-26 07:59:36', '2015-10-26 07:59:36', 1),
(71, 'bear', 'bear.jpg', '/var/www/html/upload/animals_images/1452669596bear.jpg', 27, 30, '2015-10-26 07:59:36', '2015-10-26 07:59:36', 1),
(72, 'hippopotamus', 'hippopotamus.jpg', '/var/www/html/upload/animals_images/1452669659hippopotamus.jpg', 27, 30, '2015-10-26 07:59:36', '2015-10-26 07:59:36', 1),
(73, 'arachnid', 'arachnid.jpg', '/var/www/html/upload/animals_images/1452669767arachnid.jpg', 28, 31, '2015-10-26 07:59:36', '2015-10-26 07:59:36', 1),
(74, 'cobra', 'cobra.jpg', '/var/www/html/upload/animals_images/1452669921cobra.jpg', 28, 31, '2015-10-26 07:59:36', '2015-10-26 07:59:36', 1),
(75, 'jdbe vjheevu hheidb ihed', NULL, NULL, 26, 25, '2015-10-27 11:26:58', '2015-10-27 11:26:58', 1),
(76, 'ihvighi', NULL, NULL, 26, 25, '2015-10-27 11:36:10', '2015-10-27 11:36:10', 1),
(77, 'ciughhoou', NULL, NULL, 26, 25, '2015-10-27 11:38:01', '2015-10-27 11:38:01', 1),
(78, 'nothing', NULL, NULL, 26, 25, '2015-10-28 07:17:25', '2015-10-28 07:17:25', 1),
(79, 'cobra test', NULL, NULL, 26, 25, '2015-10-29 05:09:38', '2015-10-29 05:09:38', 1),
(80, 'Sirisha', NULL, NULL, 26, 25, '2015-10-30 07:02:59', '2015-10-30 07:02:59', 1),
(81, 'Khan', NULL, NULL, 26, 25, '2015-10-30 07:07:45', '2015-10-30 07:07:45', 1),
(82, 'citified', NULL, NULL, 26, 25, '2015-10-30 07:09:19', '2015-10-30 07:09:19', 1),
(83, 'nckfkvkvk', NULL, NULL, 26, 25, '2015-10-30 07:15:40', '2015-10-30 07:15:40', 1),
(84, 'kgskgsx', NULL, NULL, 26, 25, '2015-10-30 07:16:45', '2015-10-30 07:16:45', 1),
(85, 'kgskgsx you', NULL, NULL, 26, 25, '2015-10-30 07:24:32', '2015-10-30 07:24:32', 1),
(86, 'gjcjgcvhjhivv', NULL, NULL, 26, 25, '2015-10-30 12:21:25', '2015-10-30 12:21:25', 1),
(87, 'dragon lizard', NULL, NULL, 26, 25, '2015-11-02 06:00:57', '2015-11-02 06:00:57', 1),
(88, 'vhfcghcghfhgfuy', NULL, NULL, 26, 25, '2015-11-03 07:07:31', '2015-11-03 07:07:31', 1),
(89, 'human ', '1d2daf3517ca997a509d4043546cad244769b6d17bb8b9db4e0202264c93c788_9', '/var/www/html/upload/animals_images/1d2daf3517ca997a509d4043546cad244769b6d17bb8b9db4e0202264c93c788_9', 26, 25, '2015-11-04 02:23:56', '2015-11-04 02:23:56', 1),
(90, 'kpl ', NULL, NULL, 26, 25, '2015-11-04 02:31:09', '2015-11-04 02:31:09', 1),
(91, 'spider', NULL, NULL, 26, 25, '2015-11-04 06:06:29', '2015-11-04 06:06:29', 1),
(92, 'cat', '598b4df78c7bf07d0c780bd4bb619f4eb56207e5702254928a7f1b4e1b15eac7_14', '/var/www/html/upload/animals_images/598b4df78c7bf07d0c780bd4bb619f4eb56207e5702254928a7f1b4e1b15eac7_14', 26, 25, '2015-11-05 13:16:16', '2015-11-05 13:16:16', 1),
(93, 'crocodile ', NULL, NULL, 26, 25, '2015-11-10 17:04:21', '2015-11-10 17:04:21', 1),
(94, 'animal animal animal animal animal animal animal name', NULL, NULL, 26, 25, '2015-11-18 08:08:11', '2015-11-18 08:08:11', 1),
(95, 'animal animal animal animal amimal animal name end', NULL, NULL, 26, 25, '2015-11-18 08:18:33', '2015-11-18 08:18:33', 1),
(96, 'test new animal', NULL, NULL, 26, 25, '2015-11-18 08:27:30', '2015-11-18 08:27:30', 1),
(97, 'foto animal', NULL, NULL, 26, 25, '2015-11-18 09:59:40', '2015-11-18 09:59:40', 1),
(98, 'hjgfhjgvhj', NULL, NULL, 26, 25, '2015-12-04 10:28:29', '2015-12-04 10:28:29', 1),
(99, 'some', 'thisone.png', '/var/www/htm/upload/animals_images/thisone.png', 26, 25, '2015-12-04 12:31:18', '2015-12-04 12:31:18', 1),
(100, 'dkk', 'hugh-jackman.jpg', '/var/www/htm/upload/animals_images/1449482352hugh-jackman.jpg', 27, 26, '2015-12-07 09:59:12', '2015-12-07 09:59:12', 1),
(101, 'bshsndis', 'e6f1ea3a7e6a61f45823d346d122f7cc4b68ea43e8a4bae4e09a2c37f6f97eb1_23', '/var/www/htm/upload/animals_images/e6f1ea3a7e6a61f45823d346d122f7cc4b68ea43e8a4bae4e09a2c37f6f97eb1_23', 26, 25, '2015-12-07 10:52:59', '2015-12-07 10:52:59', 1),
(102, 'xyz', 'abc', '/var/www/htm/upload/animals_images/abc', 26, 25, '2015-12-07 11:58:47', '2015-12-07 11:58:47', 1),
(103, 'wild human ', 'e6f1ea3a7e6a61f45823d346d122f7cc4b68ea43e8a4bae4e09a2c37f6f97eb1_1', '/var/www/htm/upload/animals_images/e6f1ea3a7e6a61f45823d346d122f7cc4b68ea43e8a4bae4e09a2c37f6f97eb1_1', 26, 25, '2015-12-11 19:11:08', '2015-12-11 19:11:08', 1),
(104, 'testing at ozo coffee', 'e6f1ea3a7e6a61f45823d346d122f7cc4b68ea43e8a4bae4e09a2c37f6f97eb1_2', '/var/www/htm/upload/animals_images/e6f1ea3a7e6a61f45823d346d122f7cc4b68ea43e8a4bae4e09a2c37f6f97eb1_2', 26, 25, '2015-12-22 17:06:55', '2015-12-22 17:06:55', 1),
(105, 'test', 'e6f1ea3a7e6a61f45823d346d122f7cc4b68ea43e8a4bae4e09a2c37f6f97eb1_3', '/var/www/htm/upload/animals_images/e6f1ea3a7e6a61f45823d346d122f7cc4b68ea43e8a4bae4e09a2c37f6f97eb1_3', 26, 25, '2015-12-24 13:41:42', '2015-12-24 13:41:42', 1),
(106, 'new test', 'e6f1ea3a7e6a61f45823d346d122f7cc4b68ea43e8a4bae4e09a2c37f6f97eb1_4', '/var/www/htm/upload/animals_images/e6f1ea3a7e6a61f45823d346d122f7cc4b68ea43e8a4bae4e09a2c37f6f97eb1_4', 26, 25, '2015-12-24 13:42:09', '2015-12-24 13:42:09', 1),
(107, 'third test', 'e6f1ea3a7e6a61f45823d346d122f7cc4b68ea43e8a4bae4e09a2c37f6f97eb1_6', '/var/www/htm/upload/animals_images/e6f1ea3a7e6a61f45823d346d122f7cc4b68ea43e8a4bae4e09a2c37f6f97eb1_6', 26, 25, '2015-12-24 13:43:06', '2015-12-24 13:43:06', 1),
(108, 'deer', 'e6f1ea3a7e6a61f45823d346d122f7cc4b68ea43e8a4bae4e09a2c37f6f97eb1_7', '/var/www/htm/upload/animals_images/e6f1ea3a7e6a61f45823d346d122f7cc4b68ea43e8a4bae4e09a2c37f6f97eb1_7', 26, 25, '2015-12-25 15:40:41', '2015-12-25 15:40:41', 1),
(109, 'Abbas', 'e6f1ea3a7e6a61f45823d346d122f7cc4b68ea43e8a4bae4e09a2c37f6f97eb1_2', '/var/www/html/upload/animals_images/e6f1ea3a7e6a61f45823d346d122f7cc4b68ea43e8a4bae4e09a2c37f6f97eb1_2', 26, 25, '2015-12-31 09:30:48', '2015-12-31 09:30:48', 1),
(110, 'gsjnz', '598b4df78c7bf07d0c780bd4bb619f4eb56207e5702254928a7f1b4e1b15eac7_6', '/var/www/html/upload/animals_images/598b4df78c7bf07d0c780bd4bb619f4eb56207e5702254928a7f1b4e1b15eac7_6', 26, 25, '2015-12-31 12:19:11', '2015-12-31 12:19:11', 1),
(111, 'dbsjzhs', '598b4df78c7bf07d0c780bd4bb619f4eb56207e5702254928a7f1b4e1b15eac7_9', '/var/www/html/upload/animals_images/598b4df78c7bf07d0c780bd4bb619f4eb56207e5702254928a7f1b4e1b15eac7_9', 26, 25, '2015-12-31 13:09:41', '2015-12-31 13:09:41', 1),
(112, 'dogg', '17cd82b0350f55579fdecd311c4ac95499e133ff3d0d524aecf2ff9c0f6c63fb_9', '/var/www/html/upload/animals_images/17cd82b0350f55579fdecd311c4ac95499e133ff3d0d524aecf2ff9c0f6c63fb_9', 26, 25, '2016-01-01 10:56:26', '2016-01-01 10:56:26', 1),
(113, 'Anit testing ', '17cd82b0350f55579fdecd311c4ac95499e133ff3d0d524aecf2ff9c0f6c63fb_11', '/var/www/html/upload/animals_images/17cd82b0350f55579fdecd311c4ac95499e133ff3d0d524aecf2ff9c0f6c63fb_11', 26, 25, '2016-01-01 11:08:27', '2016-01-01 11:08:27', 1),
(114, 'Anit testing 2', '17cd82b0350f55579fdecd311c4ac95499e133ff3d0d524aecf2ff9c0f6c63fb_12', '/var/www/html/upload/animals_images/17cd82b0350f55579fdecd311c4ac95499e133ff3d0d524aecf2ff9c0f6c63fb_12', 26, 25, '2016-01-01 11:14:57', '2016-01-01 11:14:57', 1),
(115, 'hello', '63be9b9effc0755250a4bf35951b364a6d6e468c1ad71ffae00969ca4e272b46_8', '/var/www/html/upload/animals_images/63be9b9effc0755250a4bf35951b364a6d6e468c1ad71ffae00969ca4e272b46_8', 26, 25, '2016-01-11 06:25:12', '2016-01-11 06:25:12', 1),
(116, 'hello 2', '63be9b9effc0755250a4bf35951b364a6d6e468c1ad71ffae00969ca4e272b46_9', '/var/www/html/upload/animals_images/63be9b9effc0755250a4bf35951b364a6d6e468c1ad71ffae00969ca4e272b46_9', 26, 25, '2016-01-11 06:49:12', '2016-01-11 06:49:12', 1),
(117, 'hello 3', '63be9b9effc0755250a4bf35951b364a6d6e468c1ad71ffae00969ca4e272b46_10', '/var/www/html/upload/animals_images/63be9b9effc0755250a4bf35951b364a6d6e468c1ad71ffae00969ca4e272b46_10', 26, 25, '2016-01-11 06:52:52', '2016-01-11 06:52:52', 1),
(118, 'polar bear', 'c77dcbd7fefc584e1e4504cf21d1ebe439beebf9ec7c6fcc8f491cd71985f307_2', '/var/www/html/upload/animals_images/c77dcbd7fefc584e1e4504cf21d1ebe439beebf9ec7c6fcc8f491cd71985f307_2', 26, 25, '2016-01-11 08:13:01', '2016-01-11 08:13:01', 1),
(119, 'hello it''s ', '63be9b9effc0755250a4bf35951b364a6d6e468c1ad71ffae00969ca4e272b46_17', '/var/www/html/upload/animals_images/63be9b9effc0755250a4bf35951b364a6d6e468c1ad71ffae00969ca4e272b46_17', 26, 25, '2016-01-11 09:25:36', '2016-01-11 09:25:36', 1),
(120, 'hello 231', '63be9b9effc0755250a4bf35951b364a6d6e468c1ad71ffae00969ca4e272b46_18', '/var/www/html/upload/animals_images/63be9b9effc0755250a4bf35951b364a6d6e468c1ad71ffae00969ca4e272b46_18', 26, 25, '2016-01-11 09:27:33', '2016-01-11 09:27:33', 1),
(121, 'testing testing ', '63be9b9effc0755250a4bf35951b364a6d6e468c1ad71ffae00969ca4e272b46_19', '/var/www/html/upload/animals_images/63be9b9effc0755250a4bf35951b364a6d6e468c1ad71ffae00969ca4e272b46_19', 26, 25, '2016-01-11 09:46:13', '2016-01-11 09:46:13', 1),
(122, 'testing 456', '63be9b9effc0755250a4bf35951b364a6d6e468c1ad71ffae00969ca4e272b46_20', '/var/www/html/upload/animals_images/63be9b9effc0755250a4bf35951b364a6d6e468c1ad71ffae00969ca4e272b46_20', 26, 25, '2016-01-11 09:59:34', '2016-01-11 09:59:34', 1),
(123, 'dinasour', 'c77dcbd7fefc584e1e4504cf21d1ebe439beebf9ec7c6fcc8f491cd71985f307_21', '/var/www/html/upload/animals_images/c77dcbd7fefc584e1e4504cf21d1ebe439beebf9ec7c6fcc8f491cd71985f307_21', 26, 25, '2016-01-11 10:07:09', '2016-01-11 10:07:09', 1),
(124, 'fbfb', '47e3b0e08bf7da6be8caa77acad05f22853206de03ea76189372cea2bfb53f49_5', '/var/www/html/upload/animals_images/47e3b0e08bf7da6be8caa77acad05f22853206de03ea76189372cea2bfb53f49_5', 26, 25, '2016-01-12 06:24:55', '2016-01-12 06:24:55', 1),
(125, 'he', '47e3b0e08bf7da6be8caa77acad05f22853206de03ea76189372cea2bfb53f49_6', '/var/www/html/upload/animals_images/47e3b0e08bf7da6be8caa77acad05f22853206de03ea76189372cea2bfb53f49_6', 26, 25, '2016-01-12 06:25:28', '2016-01-12 06:25:28', 1),
(126, 'gorilla ', '7ee7da28930368874e8a76761aed03ce3893903e1e151350250dec8db46da74e_5', '/var/www/html/upload/animals_images/7ee7da28930368874e8a76761aed03ce3893903e1e151350250dec8db46da74e_5', 26, 25, '2016-01-12 07:29:10', '2016-01-12 07:29:10', 1),
(127, 'Anit testing 1', '47e3b0e08bf7da6be8caa77acad05f22853206de03ea76189372cea2bfb53f49_18', '/var/www/html/upload/animals_images/47e3b0e08bf7da6be8caa77acad05f22853206de03ea76189372cea2bfb53f49_18', 26, 25, '2016-01-12 12:06:53', '2016-01-12 12:06:53', 1),
(128, 'Mail testing', '47e3b0e08bf7da6be8caa77acad05f22853206de03ea76189372cea2bfb53f49_20', '/var/www/html/upload/animals_images/47e3b0e08bf7da6be8caa77acad05f22853206de03ea76189372cea2bfb53f49_20', 26, 25, '2016-01-12 13:09:34', '2016-01-12 13:09:34', 1),
(129, 'no email', '47e3b0e08bf7da6be8caa77acad05f22853206de03ea76189372cea2bfb53f49_22', '/var/www/html/upload/animals_images/47e3b0e08bf7da6be8caa77acad05f22853206de03ea76189372cea2bfb53f49_22', 26, 25, '2016-01-12 13:21:16', '2016-01-12 13:21:16', 1),
(130, 'email testing', '47e3b0e08bf7da6be8caa77acad05f22853206de03ea76189372cea2bfb53f49_23', '/var/www/html/upload/animals_images/47e3b0e08bf7da6be8caa77acad05f22853206de03ea76189372cea2bfb53f49_23', 26, 25, '2016-01-12 13:23:00', '2016-01-12 13:23:00', 1),
(131, 'Anit Mail 1', '47e3b0e08bf7da6be8caa77acad05f22853206de03ea76189372cea2bfb53f49_24', '/var/www/html/upload/animals_images/47e3b0e08bf7da6be8caa77acad05f22853206de03ea76189372cea2bfb53f49_24', 26, 25, '2016-01-12 13:32:01', '2016-01-12 13:32:01', 1),
(132, 'shahs', '6509412a7da3247df7f02e92966b99bea3eb245416f836e9ef4931313b5ace13_1', '/var/www/html/upload/animals_images/6509412a7da3247df7f02e92966b99bea3eb245416f836e9ef4931313b5ace13_1', 26, 25, '2016-01-13 04:20:13', '2016-01-13 04:20:13', 1),
(133, 'Xbox', '86f2313ebabb54afaaddfa503f17d1c08343d253cdc8253592648415ce5cb01c_1', '/var/www/html/upload/animals_images/86f2313ebabb54afaaddfa503f17d1c08343d253cdc8253592648415ce5cb01c_1', 26, 25, '2016-01-13 04:34:29', '2016-01-13 04:34:29', 1),
(134, 'Sinha', '86f2313ebabb54afaaddfa503f17d1c08343d253cdc8253592648415ce5cb01c_2', '/var/www/html/upload/animals_images/86f2313ebabb54afaaddfa503f17d1c08343d253cdc8253592648415ce5cb01c_2', 26, 25, '2016-01-13 04:48:38', '2016-01-13 04:48:38', 1),
(135, 'Ivy''s', '86f2313ebabb54afaaddfa503f17d1c08343d253cdc8253592648415ce5cb01c_4', '/var/www/html/upload/animals_images/86f2313ebabb54afaaddfa503f17d1c08343d253cdc8253592648415ce5cb01c_4', 26, 25, '2016-01-13 04:50:48', '2016-01-13 04:50:48', 1),
(136, 'Lviv', '86f2313ebabb54afaaddfa503f17d1c08343d253cdc8253592648415ce5cb01c_10', '/var/www/html/upload/animals_images/86f2313ebabb54afaaddfa503f17d1c08343d253cdc8253592648415ce5cb01c_10', 26, 25, '2016-01-13 05:45:32', '2016-01-13 05:45:32', 1),
(137, 'j kbi', '86f2313ebabb54afaaddfa503f17d1c08343d253cdc8253592648415ce5cb01c_11', '/var/www/html/upload/animals_images/86f2313ebabb54afaaddfa503f17d1c08343d253cdc8253592648415ce5cb01c_11', 26, 25, '2016-01-13 05:46:13', '2016-01-13 05:46:13', 1),
(138, 'Ghhhhh', '2132a69f76a7ca4653c89df192e27641e960a353c9834de30576f9a8e2a4ab80_2', '/var/www/html/upload/animals_images/2132a69f76a7ca4653c89df192e27641e960a353c9834de30576f9a8e2a4ab80_2', 26, 25, '2016-01-13 08:07:38', '2016-01-13 08:07:38', 1);

-- --------------------------------------------------------

--
-- Table structure for table `categories`
--

CREATE TABLE IF NOT EXISTS `categories` (
  `id` bigint(50) NOT NULL AUTO_INCREMENT,
  `category` varchar(200) NOT NULL,
  `created_at` datetime NOT NULL,
  `modified_at` datetime NOT NULL,
  `status` smallint(6) NOT NULL COMMENT '0-inactive,1-active',
  PRIMARY KEY (`id`)
) ENGINE=InnoDB  DEFAULT CHARSET=latin1 AUTO_INCREMENT=32 ;

--
-- Dumping data for table `categories`
--

INSERT INTO `categories` (`id`, `category`, `created_at`, `modified_at`, `status`) VALUES
(25, 'other', '0000-00-00 00:00:00', '0000-00-00 00:00:00', 1),
(26, 'amphibians', '0000-00-00 00:00:00', '0000-00-00 00:00:00', 1),
(27, 'birds', '0000-00-00 00:00:00', '0000-00-00 00:00:00', 1),
(28, 'fish', '0000-00-00 00:00:00', '0000-00-00 00:00:00', 1),
(29, 'invertebrates', '0000-00-00 00:00:00', '0000-00-00 00:00:00', 1),
(30, 'mammals', '0000-00-00 00:00:00', '2015-10-26 07:59:36', 1),
(31, 'reptiles', '0000-00-00 00:00:00', '2015-10-26 07:59:36', 1);

-- --------------------------------------------------------

--
-- Table structure for table `locations`
--

CREATE TABLE IF NOT EXISTS `locations` (
  `id` bigint(50) NOT NULL AUTO_INCREMENT,
  `location_type` varchar(200) NOT NULL,
  `icon_name` varchar(200) NOT NULL,
  `icon_path` varchar(200) NOT NULL,
  `status` smallint(6) NOT NULL COMMENT '0-inactive,1-active',
  PRIMARY KEY (`id`)
) ENGINE=InnoDB DEFAULT CHARSET=latin1 AUTO_INCREMENT=1 ;

-- --------------------------------------------------------

--
-- Table structure for table `notification_status`
--

CREATE TABLE IF NOT EXISTS `notification_status` (
  `id` int(11) NOT NULL AUTO_INCREMENT,
  `user_id` int(11) NOT NULL,
  `alert_post_id` int(11) NOT NULL,
  `status` int(2) NOT NULL,
  `created_at` datetime NOT NULL,
  `modified_at` datetime NOT NULL,
  PRIMARY KEY (`id`)
) ENGINE=InnoDB  DEFAULT CHARSET=latin1 AUTO_INCREMENT=179 ;

--
-- Dumping data for table `notification_status`
--

INSERT INTO `notification_status` (`id`, `user_id`, `alert_post_id`, `status`, `created_at`, `modified_at`) VALUES
(1, 146, 3, 1, '2015-10-28 10:44:08', '2015-10-28 10:44:08'),
(2, 146, 5, 1, '2015-10-28 10:44:20', '2015-10-28 10:44:20'),
(6, 146, 6, 1, '2015-10-28 10:56:57', '2015-10-28 10:56:57'),
(7, 146, 14, 1, '2015-10-28 11:56:30', '2015-10-28 11:56:30'),
(8, 146, 12, 1, '2015-10-28 12:32:12', '2015-10-28 12:32:12'),
(9, 146, 4, 1, '2015-10-28 12:35:49', '2015-10-28 12:35:49'),
(10, 146, 8, 1, '2015-10-28 12:36:36', '2015-10-28 12:36:36'),
(11, 146, 15, 1, '2015-10-28 12:39:01', '2015-10-28 12:39:01'),
(12, 146, 13, 1, '2015-10-28 12:41:54', '2015-10-28 12:41:54'),
(13, 146, 11, 1, '2015-10-28 12:42:22', '2015-10-28 12:42:22'),
(14, 146, 10, 1, '2015-10-28 12:42:28', '2015-10-28 12:42:28'),
(15, 146, 7, 1, '2015-10-28 12:42:37', '2015-10-28 12:42:37'),
(16, 146, 9, 1, '2015-10-28 12:43:04', '2015-10-28 12:43:04'),
(17, 146, 16, 1, '2015-10-28 12:43:29', '2015-10-28 12:43:29'),
(18, 146, 17, 1, '2015-10-29 09:27:52', '2015-10-29 09:27:52'),
(19, 153, 26, 1, '2015-10-30 07:21:21', '2015-10-30 07:21:21'),
(20, 153, 27, 1, '2015-10-30 08:31:12', '2015-10-30 08:31:12'),
(21, 153, 19, 1, '2015-11-02 05:11:18', '2015-11-02 05:11:18'),
(22, 153, 30, 1, '2015-11-02 07:14:29', '2015-11-02 07:14:29'),
(23, 146, 31, 1, '2015-11-03 07:06:38', '2015-11-03 07:06:38'),
(24, 146, 32, 1, '2015-11-03 07:07:54', '2015-11-03 07:07:54'),
(25, 146, 34, 1, '2015-11-04 04:58:31', '2015-11-04 04:58:31'),
(26, 146, 33, 1, '2015-11-04 05:11:02', '2015-11-04 05:11:02'),
(27, 160, 35, 1, '2015-11-04 11:41:55', '2015-11-04 11:41:55'),
(28, 146, 36, 1, '2015-11-04 12:06:16', '2015-11-04 12:06:16'),
(29, 153, 40, 1, '2015-11-06 05:27:03', '2015-11-06 05:27:03'),
(30, 161, 39, 1, '2015-11-06 05:39:10', '2015-11-06 05:39:10'),
(31, 161, 38, 1, '2015-11-06 05:39:13', '2015-11-06 05:39:13'),
(32, 161, 20, 1, '2015-11-06 05:44:54', '2015-11-06 05:44:54'),
(33, 161, 37, 1, '2015-11-06 05:45:12', '2015-11-06 05:45:12'),
(34, 161, 18, 1, '2015-11-06 05:49:43', '2015-11-06 05:49:43'),
(35, 153, 41, 1, '2015-11-06 07:54:56', '2015-11-06 07:54:56'),
(36, 162, 43, 1, '2015-11-06 09:44:52', '2015-11-06 09:44:52'),
(37, 162, 29, 1, '2015-11-06 10:08:02', '2015-11-06 10:08:02'),
(38, 162, 44, 1, '2015-11-06 10:08:06', '2015-11-06 10:08:06'),
(39, 162, 45, 1, '2015-11-06 10:08:09', '2015-11-06 10:08:09'),
(40, 153, 52, 1, '2015-11-09 05:11:08', '2015-11-09 05:11:08'),
(41, 153, 56, 1, '2015-11-09 05:17:40', '2015-11-09 05:17:40'),
(42, 153, 55, 1, '2015-11-09 05:22:13', '2015-11-09 05:22:13'),
(43, 153, 53, 1, '2015-11-09 09:26:09', '2015-11-09 09:26:09'),
(44, 153, 54, 1, '2015-11-09 10:19:02', '2015-11-09 10:19:02'),
(45, 163, 59, 1, '2015-11-10 20:44:15', '2015-11-10 20:44:15'),
(46, 165, 87, 1, '2015-11-18 08:18:58', '2015-11-18 08:18:58'),
(47, 165, 88, 1, '2015-11-18 08:30:13', '2015-11-18 08:30:13'),
(48, 165, 86, 1, '2015-11-18 09:24:32', '2015-11-18 09:24:32'),
(49, 165, 82, 1, '2015-11-18 09:24:36', '2015-11-18 09:24:36'),
(50, 165, 79, 1, '2015-11-18 09:24:40', '2015-11-18 09:24:40'),
(51, 165, 76, 1, '2015-11-18 09:24:45', '2015-11-18 09:24:45'),
(52, 165, 72, 1, '2015-11-18 09:37:13', '2015-11-18 09:37:13'),
(53, 165, 71, 1, '2015-11-18 09:37:22', '2015-11-18 09:37:22'),
(54, 165, 64, 1, '2015-11-18 09:37:27', '2015-11-18 09:37:27'),
(55, 165, 75, 1, '2015-11-18 09:40:02', '2015-11-18 09:40:02'),
(56, 165, 51, 1, '2015-11-18 09:40:26', '2015-11-18 09:40:26'),
(57, 146, 89, 1, '2015-11-18 10:10:34', '2015-11-18 10:10:34'),
(58, 171, 85, 1, '2015-11-19 05:19:24', '2015-11-19 05:19:24'),
(59, 170, 90, 1, '2015-11-19 05:27:02', '2015-11-19 05:27:02'),
(60, 165, 106, 1, '2015-12-30 11:03:52', '2015-12-30 11:03:52'),
(61, 165, 107, 1, '2015-12-30 12:04:12', '2015-12-30 12:04:12'),
(62, 170, 133, 1, '2016-01-04 12:09:15', '2016-01-04 12:09:15'),
(63, 163, 134, 1, '2016-01-06 17:57:53', '2016-01-06 17:57:53'),
(64, 163, 114, 1, '2016-01-06 17:58:04', '2016-01-06 17:58:04'),
(65, 170, 135, 1, '2016-01-08 06:22:02', '2016-01-08 06:22:02'),
(66, 170, 110, 1, '2016-01-08 07:55:31', '2016-01-08 07:55:31'),
(67, 170, 132, 1, '2016-01-08 08:00:03', '2016-01-08 08:00:03'),
(68, 165, 135, 1, '2016-01-08 11:06:57', '2016-01-08 11:06:57'),
(69, 165, 134, 1, '2016-01-08 11:07:40', '2016-01-08 11:07:40'),
(70, 152, 133, 1, '2016-01-08 11:14:45', '2016-01-08 11:14:45'),
(71, 152, 134, 1, '2016-01-08 11:19:49', '2016-01-08 11:19:49'),
(72, 170, 131, 1, '2016-01-08 11:38:27', '2016-01-08 11:38:27'),
(73, 152, 135, 1, '2016-01-08 13:34:22', '2016-01-08 13:34:22'),
(74, 170, 129, 1, '2016-01-11 04:29:31', '2016-01-11 04:29:31'),
(75, 170, 136, 1, '2016-01-11 04:54:46', '2016-01-11 04:54:46'),
(76, 170, 137, 1, '2016-01-11 04:55:01', '2016-01-11 04:55:01'),
(77, 152, 136, 1, '2016-01-11 05:04:35', '2016-01-11 05:04:35'),
(78, 152, 137, 1, '2016-01-11 05:15:04', '2016-01-11 05:15:04'),
(79, 152, 132, 1, '2016-01-11 05:30:22', '2016-01-11 05:30:22'),
(80, 152, 131, 1, '2016-01-11 05:34:10', '2016-01-11 05:34:10'),
(81, 165, 138, 1, '2016-01-11 06:36:00', '2016-01-11 06:36:00'),
(82, 165, 136, 1, '2016-01-11 06:36:19', '2016-01-11 06:36:19'),
(83, 165, 139, 1, '2016-01-11 07:00:15', '2016-01-11 07:00:15'),
(84, 180, 141, 1, '2016-01-11 07:40:19', '2016-01-11 07:40:19'),
(85, 180, 140, 1, '2016-01-11 07:45:09', '2016-01-11 07:45:09'),
(86, 180, 142, 1, '2016-01-11 08:17:22', '2016-01-11 08:17:22'),
(87, 180, 144, 1, '2016-01-11 08:26:50', '2016-01-11 08:26:50'),
(88, 180, 137, 1, '2016-01-11 08:27:43', '2016-01-11 08:27:43'),
(89, 180, 136, 1, '2016-01-11 08:28:40', '2016-01-11 08:28:40'),
(90, 152, 130, 1, '2016-01-11 09:28:48', '2016-01-11 09:28:48'),
(91, 170, 154, 1, '2016-01-11 10:04:52', '2016-01-11 10:04:52'),
(92, 170, 153, 1, '2016-01-11 10:05:13', '2016-01-11 10:05:13'),
(93, 170, 152, 1, '2016-01-11 10:05:39', '2016-01-11 10:05:39'),
(94, 165, 150, 1, '2016-01-11 10:14:32', '2016-01-11 10:14:32'),
(95, 165, 148, 1, '2016-01-11 10:14:39', '2016-01-11 10:14:39'),
(96, 165, 145, 1, '2016-01-11 10:14:44', '2016-01-11 10:14:44'),
(97, 170, 151, 1, '2016-01-11 10:42:30', '2016-01-11 10:42:30'),
(98, 180, 155, 1, '2016-01-11 10:51:24', '2016-01-11 10:51:24'),
(99, 180, 152, 1, '2016-01-11 10:51:30', '2016-01-11 10:51:30'),
(100, 180, 133, 1, '2016-01-11 10:51:38', '2016-01-11 10:51:38'),
(101, 180, 154, 1, '2016-01-11 12:06:19', '2016-01-11 12:06:19'),
(102, 180, 153, 1, '2016-01-11 12:12:33', '2016-01-11 12:12:33'),
(103, 152, 155, 1, '2016-01-11 12:15:53', '2016-01-11 12:15:53'),
(104, 152, 154, 1, '2016-01-11 12:18:51', '2016-01-11 12:18:51'),
(105, 152, 153, 1, '2016-01-11 12:18:55', '2016-01-11 12:18:55'),
(106, 152, 152, 1, '2016-01-11 12:18:58', '2016-01-11 12:18:58'),
(107, 152, 151, 1, '2016-01-11 12:19:35', '2016-01-11 12:19:35'),
(108, 152, 150, 1, '2016-01-11 12:20:13', '2016-01-11 12:20:13'),
(109, 152, 149, 1, '2016-01-11 12:20:16', '2016-01-11 12:20:16'),
(110, 152, 148, 1, '2016-01-11 12:20:51', '2016-01-11 12:20:51'),
(111, 152, 147, 1, '2016-01-11 12:21:01', '2016-01-11 12:21:01'),
(112, 152, 146, 1, '2016-01-11 12:26:23', '2016-01-11 12:26:23'),
(113, 152, 145, 1, '2016-01-11 12:26:37', '2016-01-11 12:26:37'),
(114, 165, 110, 1, '2016-01-12 04:54:19', '2016-01-12 04:54:19'),
(115, 165, 165, 1, '2016-01-12 08:15:59', '2016-01-12 08:15:59'),
(116, 165, 168, 1, '2016-01-12 08:22:31', '2016-01-12 08:22:31'),
(117, 165, 169, 1, '2016-01-12 08:25:27', '2016-01-12 08:25:27'),
(118, 165, 167, 1, '2016-01-12 08:25:32', '2016-01-12 08:25:32'),
(119, 165, 166, 1, '2016-01-12 08:25:36', '2016-01-12 08:25:36'),
(120, 165, 170, 1, '2016-01-12 08:25:59', '2016-01-12 08:25:59'),
(121, 165, 111, 1, '2016-01-12 08:26:08', '2016-01-12 08:26:08'),
(122, 165, 164, 1, '2016-01-12 08:27:00', '2016-01-12 08:27:00'),
(123, 165, 163, 1, '2016-01-12 08:27:04', '2016-01-12 08:27:04'),
(124, 165, 162, 1, '2016-01-12 08:27:23', '2016-01-12 08:27:23'),
(125, 152, 170, 1, '2016-01-12 08:29:32', '2016-01-12 08:29:32'),
(126, 152, 169, 1, '2016-01-12 08:29:35', '2016-01-12 08:29:35'),
(127, 152, 168, 1, '2016-01-12 08:29:37', '2016-01-12 08:29:37'),
(128, 152, 167, 1, '2016-01-12 08:29:39', '2016-01-12 08:29:39'),
(129, 152, 166, 1, '2016-01-12 08:29:41', '2016-01-12 08:29:41'),
(130, 152, 164, 1, '2016-01-12 08:29:43', '2016-01-12 08:29:43'),
(131, 152, 161, 1, '2016-01-12 08:29:45', '2016-01-12 08:29:45'),
(132, 152, 138, 1, '2016-01-12 08:29:49', '2016-01-12 08:29:49'),
(133, 152, 139, 1, '2016-01-12 08:29:59', '2016-01-12 08:29:59'),
(134, 152, 140, 1, '2016-01-12 08:30:02', '2016-01-12 08:30:02'),
(135, 152, 110, 1, '2016-01-12 08:30:13', '2016-01-12 08:30:13'),
(136, 152, 171, 1, '2016-01-12 09:45:47', '2016-01-12 09:45:47'),
(137, 152, 156, 1, '2016-01-12 09:46:25', '2016-01-12 09:46:25'),
(138, 152, 160, 1, '2016-01-12 09:48:43', '2016-01-12 09:48:43'),
(139, 152, 159, 1, '2016-01-12 10:54:11', '2016-01-12 10:54:11'),
(140, 152, 158, 1, '2016-01-12 10:54:15', '2016-01-12 10:54:15'),
(141, 152, 144, 1, '2016-01-12 10:54:21', '2016-01-12 10:54:21'),
(142, 152, 143, 1, '2016-01-12 10:54:32', '2016-01-12 10:54:32'),
(143, 152, 142, 1, '2016-01-12 10:54:38', '2016-01-12 10:54:38'),
(144, 152, 141, 1, '2016-01-12 10:54:47', '2016-01-12 10:54:47'),
(145, 152, 111, 1, '2016-01-12 10:54:59', '2016-01-12 10:54:59'),
(146, 152, 112, 1, '2016-01-12 10:55:15', '2016-01-12 10:55:15'),
(147, 152, 113, 1, '2016-01-12 10:55:21', '2016-01-12 10:55:21'),
(148, 152, 114, 1, '2016-01-12 10:55:44', '2016-01-12 10:55:44'),
(149, 152, 129, 1, '2016-01-12 10:56:14', '2016-01-12 10:56:14'),
(150, 152, 124, 1, '2016-01-12 10:56:24', '2016-01-12 10:56:24'),
(151, 152, 123, 1, '2016-01-12 10:56:31', '2016-01-12 10:56:31'),
(152, 152, 115, 1, '2016-01-12 10:56:40', '2016-01-12 10:56:40'),
(153, 152, 122, 1, '2016-01-12 12:02:14', '2016-01-12 12:02:14'),
(154, 152, 116, 1, '2016-01-12 12:02:26', '2016-01-12 12:02:26'),
(155, 152, 117, 1, '2016-01-12 12:02:35', '2016-01-12 12:02:35'),
(156, 152, 118, 1, '2016-01-12 12:02:48', '2016-01-12 12:02:48'),
(157, 152, 119, 1, '2016-01-12 12:02:56', '2016-01-12 12:02:56'),
(158, 152, 120, 1, '2016-01-12 12:03:02', '2016-01-12 12:03:02'),
(159, 152, 121, 1, '2016-01-12 12:03:11', '2016-01-12 12:03:11'),
(160, 152, 172, 1, '2016-01-12 12:07:18', '2016-01-12 12:07:18'),
(161, 152, 173, 1, '2016-01-12 12:09:44', '2016-01-12 12:09:44'),
(162, 152, 179, 1, '2016-01-12 13:37:34', '2016-01-12 13:37:34'),
(163, 152, 178, 1, '2016-01-12 13:37:38', '2016-01-12 13:37:38'),
(164, 152, 177, 1, '2016-01-12 13:37:50', '2016-01-12 13:37:50'),
(165, 152, 176, 1, '2016-01-12 13:40:11', '2016-01-12 13:40:11'),
(166, 152, 175, 1, '2016-01-12 13:40:21', '2016-01-12 13:40:21'),
(167, 152, 174, 1, '2016-01-12 13:40:32', '2016-01-12 13:40:32'),
(168, 152, 181, 1, '2016-01-12 14:15:33', '2016-01-12 14:15:33'),
(169, 163, 182, 1, '2016-01-12 19:00:14', '2016-01-12 19:00:14'),
(170, 152, 183, 1, '2016-01-13 04:23:53', '2016-01-13 04:23:53'),
(171, 152, 184, 1, '2016-01-13 04:23:57', '2016-01-13 04:23:57'),
(172, 152, 185, 1, '2016-01-13 04:40:51', '2016-01-13 04:40:51'),
(173, 152, 199, 1, '2016-01-13 06:07:46', '2016-01-13 06:07:46'),
(174, 148, 203, 1, '2016-01-13 07:58:02', '2016-01-13 07:58:02'),
(175, 188, 205, 1, '2016-01-14 12:32:08', '2016-01-14 12:32:08'),
(176, 188, 201, 1, '2016-01-14 12:36:15', '2016-01-14 12:36:15'),
(177, 188, 193, 1, '2016-01-14 12:36:31', '2016-01-14 12:36:31'),
(178, 188, 204, 1, '2016-01-14 12:45:10', '2016-01-14 12:45:10');

-- --------------------------------------------------------

--
-- Table structure for table `threat_levels`
--

CREATE TABLE IF NOT EXISTS `threat_levels` (
  `id` bigint(50) NOT NULL AUTO_INCREMENT,
  `level` varchar(50) NOT NULL,
  `color` varchar(50) NOT NULL,
  `created_at` datetime NOT NULL,
  `modified_at` datetime NOT NULL,
  `status` smallint(6) NOT NULL COMMENT '0-inactive,1-active',
  PRIMARY KEY (`id`)
) ENGINE=InnoDB  DEFAULT CHARSET=latin1 AUTO_INCREMENT=30 ;

--
-- Dumping data for table `threat_levels`
--

INSERT INTO `threat_levels` (`id`, `level`, `color`, `created_at`, `modified_at`, `status`) VALUES
(26, 'other', '#ebd917', '2015-10-20 04:50:40', '2015-11-03 11:52:44', 1),
(27, 'less dangerous', '#2917eb', '2015-10-20 04:51:04', '2015-11-05 09:27:57', 1),
(28, 'dangerous', '#ba0d0d', '2015-10-20 04:51:19', '2015-11-05 09:29:24', 1),
(29, 'most dangerous', '#c40a0a', '2015-10-20 04:51:51', '2015-11-05 09:25:42', 1);

-- --------------------------------------------------------

--
-- Table structure for table `threat_notification_settings`
--

CREATE TABLE IF NOT EXISTS `threat_notification_settings` (
  `id` int(150) NOT NULL AUTO_INCREMENT,
  `user_id` int(150) NOT NULL,
  `threat_id` int(150) NOT NULL,
  `distance` int(11) NOT NULL,
  `status` int(1) NOT NULL,
  `created_at` datetime NOT NULL,
  `modified_at` datetime NOT NULL,
  PRIMARY KEY (`id`)
) ENGINE=InnoDB  DEFAULT CHARSET=latin1 AUTO_INCREMENT=94 ;

--
-- Dumping data for table `threat_notification_settings`
--

INSERT INTO `threat_notification_settings` (`id`, `user_id`, `threat_id`, `distance`, `status`, `created_at`, `modified_at`) VALUES
(1, 147, 26, 5, 1, '2015-10-20 11:25:55', '2015-10-21 06:58:07'),
(2, 147, 27, 5, 1, '2015-10-20 11:43:44', '2015-10-21 06:58:07'),
(3, 147, 28, 5, 1, '2015-10-20 11:43:44', '2015-10-21 06:58:07'),
(4, 147, 29, 5, 1, '2015-10-20 11:43:44', '2015-10-21 06:58:07'),
(5, 146, 26, 18, 1, '2015-10-20 11:54:30', '2015-11-18 09:45:36'),
(6, 146, 27, 27, 1, '2015-10-20 11:54:30', '2015-11-18 09:45:36'),
(7, 146, 28, 12, 1, '2015-10-20 11:54:30', '2015-11-18 09:45:36'),
(8, 146, 29, 23, 1, '2015-10-20 11:54:30', '2015-11-18 09:45:36'),
(9, 144, 26, 0, 1, '2015-10-22 08:07:31', '2015-10-29 07:16:04'),
(10, 144, 4, 40, 1, '2015-10-23 04:11:52', '2015-10-23 04:11:52'),
(11, 144, 1, 10, 1, '2015-10-23 04:12:25', '2015-10-23 04:12:25'),
(12, 148, 26, 43, 1, '2015-10-23 07:31:01', '2016-01-05 07:38:16'),
(13, 148, 27, 49, 1, '2015-10-23 07:52:42', '2016-01-05 07:38:16'),
(14, 148, 28, 50, 1, '2015-10-23 07:52:42', '2016-01-05 07:38:16'),
(15, 148, 29, 50, 1, '2015-10-23 07:52:42', '2016-01-05 07:38:16'),
(16, 148, 30, 50, 1, '2015-10-26 09:40:25', '2015-10-26 09:40:25'),
(17, 148, 31, 50, 1, '2015-10-26 09:40:25', '2015-10-26 09:40:25'),
(18, 148, 32, 50, 1, '2015-10-26 09:40:25', '2015-10-26 09:40:25'),
(19, 144, 27, 0, 1, '2015-10-29 07:16:04', '2015-10-29 07:16:04'),
(20, 144, 28, 0, 1, '2015-10-29 07:16:04', '2015-10-29 07:16:04'),
(21, 144, 29, 15, 1, '2015-10-29 07:16:04', '2015-10-29 07:16:04'),
(26, 152, 26, 50, 1, '2015-10-29 08:01:37', '2015-11-17 12:07:41'),
(27, 152, 27, 34, 1, '2015-10-29 08:01:37', '2015-11-17 12:07:41'),
(28, 152, 28, 50, 1, '2015-10-29 08:01:37', '2015-11-17 12:07:41'),
(29, 152, 29, 50, 1, '2015-10-29 08:01:37', '2015-11-17 12:07:41'),
(30, 153, 26, 50, 1, '2015-10-29 08:18:31', '2015-11-09 08:05:35'),
(31, 153, 27, 50, 1, '2015-10-29 08:18:31', '2015-11-09 08:05:35'),
(32, 153, 28, 50, 1, '2015-10-29 08:18:31', '2015-11-09 08:05:35'),
(33, 153, 29, 50, 1, '2015-10-29 08:18:31', '2015-11-09 08:05:35'),
(34, 156, 27, 20, 1, '2015-11-02 05:49:13', '2015-11-02 05:51:45'),
(35, 156, 28, 20, 1, '2015-11-02 05:49:13', '2015-11-02 05:51:45'),
(36, 156, 29, 20, 1, '2015-11-02 05:49:13', '2015-11-02 05:51:45'),
(37, 156, 26, 20, 1, '2015-11-02 05:51:41', '2015-11-02 05:51:45'),
(42, 160, 26, 33, 1, '2015-11-04 12:04:07', '2015-11-04 12:04:07'),
(43, 160, 27, 4, 1, '2015-11-04 12:04:07', '2015-11-04 12:04:07'),
(44, 160, 28, 32, 1, '2015-11-04 12:04:07', '2015-11-04 12:04:07'),
(45, 160, 29, 44, 1, '2015-11-04 12:04:07', '2015-11-04 12:04:07'),
(46, 159, 26, 0, 1, '2015-11-04 19:08:42', '2015-11-09 15:53:15'),
(47, 159, 27, 0, 1, '2015-11-04 19:08:42', '2015-11-09 15:53:15'),
(48, 159, 28, 1, 1, '2015-11-04 19:08:42', '2015-11-09 15:53:15'),
(49, 159, 29, 1, 1, '2015-11-04 19:08:42', '2015-11-09 15:53:15'),
(50, 165, 26, 50, 1, '2015-11-16 04:42:57', '2016-01-01 11:17:28'),
(51, 165, 27, 50, 1, '2015-11-16 04:42:57', '2016-01-01 11:17:28'),
(52, 165, 28, 50, 1, '2015-11-16 04:42:57', '2016-01-01 11:17:28'),
(53, 165, 29, 50, 1, '2015-11-16 04:42:57', '2016-01-01 11:17:28'),
(54, 171, 26, 20, 1, '2015-11-19 12:00:38', '2015-11-19 12:00:38'),
(55, 171, 27, 20, 1, '2015-11-19 12:00:38', '2015-11-19 12:00:38'),
(56, 171, 28, 20, 1, '2015-11-19 12:00:38', '2015-11-19 12:00:38'),
(57, 171, 29, 20, 1, '2015-11-19 12:00:38', '2015-11-19 12:00:38'),
(58, 173, 26, 20, 1, '2015-12-17 10:33:15', '2015-12-17 10:33:15'),
(59, 173, 27, 20, 1, '2015-12-17 10:33:15', '2015-12-17 10:33:15'),
(60, 173, 28, 20, 1, '2015-12-17 10:33:15', '2015-12-17 10:33:15'),
(61, 173, 29, 20, 1, '2015-12-17 10:33:15', '2015-12-17 10:33:15'),
(62, 170, 26, 50, 1, '2015-12-30 10:50:34', '2016-01-11 10:53:47'),
(63, 170, 27, 50, 1, '2015-12-30 10:50:34', '2016-01-11 10:53:47'),
(64, 170, 28, 50, 1, '2015-12-30 10:50:34', '2016-01-11 10:53:47'),
(65, 170, 29, 50, 1, '2015-12-30 10:50:34', '2016-01-11 10:53:47'),
(66, 177, 29, 50, 1, '2016-01-04 11:56:54', '2016-01-04 11:56:54'),
(67, 177, 28, 50, 1, '2016-01-04 11:56:54', '2016-01-04 11:56:54'),
(68, 177, 27, 50, 1, '2016-01-04 11:56:54', '2016-01-04 11:56:54'),
(69, 177, 26, 50, 1, '2016-01-04 11:56:54', '2016-01-04 11:56:54'),
(70, 179, 26, 40, 1, '2016-01-11 07:21:30', '2016-01-11 07:21:30'),
(71, 179, 27, 20, 1, '2016-01-11 07:21:30', '2016-01-11 07:21:30'),
(72, 179, 28, 20, 1, '2016-01-11 07:21:30', '2016-01-11 07:21:30'),
(73, 179, 29, 20, 1, '2016-01-11 07:21:30', '2016-01-11 07:21:30'),
(74, 180, 29, 6, 1, '2016-01-11 07:48:57', '2016-01-11 12:02:50'),
(75, 180, 28, 3, 1, '2016-01-11 07:48:57', '2016-01-11 12:02:50'),
(76, 180, 27, 2, 1, '2016-01-11 07:48:57', '2016-01-11 12:02:50'),
(77, 180, 26, 4, 1, '2016-01-11 07:48:57', '2016-01-11 12:02:50'),
(78, 181, 26, 20, 1, '2016-01-11 12:47:52', '2016-01-11 12:47:52'),
(79, 181, 27, 20, 1, '2016-01-11 12:47:52', '2016-01-11 12:47:52'),
(80, 181, 28, 20, 1, '2016-01-11 12:47:52', '2016-01-11 12:47:52'),
(81, 181, 29, 20, 1, '2016-01-11 12:47:52', '2016-01-11 12:47:52'),
(82, 183, 26, 20, 1, '2016-01-11 12:52:45', '2016-01-11 12:52:45'),
(83, 183, 27, 20, 1, '2016-01-11 12:52:45', '2016-01-11 12:52:45'),
(84, 183, 28, 20, 1, '2016-01-11 12:52:45', '2016-01-11 12:52:45'),
(85, 183, 29, 20, 1, '2016-01-11 12:52:45', '2016-01-11 12:52:45'),
(86, 182, 26, 20, 1, '2016-01-11 14:14:00', '2016-01-11 14:14:00'),
(87, 182, 27, 20, 1, '2016-01-11 14:14:00', '2016-01-11 14:14:00'),
(88, 182, 28, 20, 1, '2016-01-11 14:14:00', '2016-01-11 14:14:00'),
(89, 182, 29, 20, 1, '2016-01-11 14:14:00', '2016-01-11 14:14:00'),
(90, 188, 26, 50, 1, '2016-01-12 05:13:23', '2016-01-13 04:04:48'),
(91, 188, 27, 50, 1, '2016-01-12 05:13:23', '2016-01-13 04:04:48'),
(92, 188, 28, 50, 1, '2016-01-12 05:13:23', '2016-01-13 04:04:48'),
(93, 188, 29, 50, 1, '2016-01-12 05:13:23', '2016-01-13 04:04:48');

-- --------------------------------------------------------

--
-- Table structure for table `user`
--

CREATE TABLE IF NOT EXISTS `user` (
  `id` bigint(50) NOT NULL AUTO_INCREMENT,
  `name` varchar(200) NOT NULL,
  `email` varchar(50) NOT NULL,
  `password` varchar(100) NOT NULL,
  `facebook_id` varchar(100) NOT NULL,
  `is_authenticated` smallint(6) NOT NULL DEFAULT '0',
  `latitude` varchar(200) DEFAULT NULL,
  `longitude` varchar(200) DEFAULT NULL,
  `email_alert` tinyint(4) NOT NULL DEFAULT '1' COMMENT '0-no email notification,1-email notification',
  `alert_distance` int(11) NOT NULL DEFAULT '0' COMMENT 'upto which distance alert notification',
  `alert_days` int(3) DEFAULT '7',
  `created_at` datetime NOT NULL,
  `modified_at` datetime NOT NULL,
  `status` int(11) NOT NULL COMMENT '0-inactive,1-active',
  `token` varchar(150) NOT NULL,
  `authentication_string` varchar(200) NOT NULL,
  `is_logedin` int(2) NOT NULL DEFAULT '0' COMMENT '1 for logedin 0 for  logedout',
  `logedin_time` datetime NOT NULL,
  `logedout_time` datetime NOT NULL,
  PRIMARY KEY (`id`)
) ENGINE=InnoDB  DEFAULT CHARSET=latin1 AUTO_INCREMENT=190 ;

--
-- Dumping data for table `user`
--

INSERT INTO `user` (`id`, `name`, `email`, `password`, `facebook_id`, `is_authenticated`, `latitude`, `longitude`, `email_alert`, `alert_distance`, `alert_days`, `created_at`, `modified_at`, `status`, `token`, `authentication_string`, `is_logedin`, `logedin_time`, `logedout_time`) VALUES
(145, 'pooja', 'pooja@mailinator.com', 'e10adc3949ba59abbe56e057f20f883e', '', 1, NULL, NULL, 1, 1, 7, '2015-10-20 04:53:28', '2015-10-30 10:47:09', 1, 'null', '1420615857767eece984106e38f6022c', 0, '0000-00-00 00:00:00', '0000-00-00 00:00:00'),
(146, 'Amit Gupta', 'amitgpt77@gmail.com', 'e10adc3949ba59abbe56e057f20f883e', '', 1, '37.392484', '-122.172629', 0, 10, 14, '2015-10-20 05:29:53', '2015-11-18 09:45:36', 1, '', '', 0, '0000-00-00 00:00:00', '0000-00-00 00:00:00'),
(148, 'vikrant tanwar', 'vikrant.tanwar88@gmail.com', '25d55ad283aa400af464c76d713c07ad', '932719676803976', 1, '30.729338', '76.840906', 0, 10, 1, '2015-10-20 06:44:00', '2015-10-30 11:00:43', 1, '17847', '7d04708519584d0c35460b86fd00577f', 1, '2016-01-13 07:36:04', '2016-01-13 07:28:54'),
(150, 'Celebsum India', 'celebsum.india@gm.com', '', '', 1, NULL, NULL, 1, 10, 7, '2015-10-28 06:09:27', '2015-10-28 06:09:27', 1, '', '', 0, '0000-00-00 00:00:00', '0000-00-00 00:00:00'),
(151, 'Telgia Singh', 'talent.testing.13@gmail.com', '', '1501113176880911', 1, NULL, NULL, 1, 10, 7, '2015-10-28 06:21:46', '2015-10-28 06:21:46', 1, '', '', 0, '0000-00-00 00:00:00', '0000-00-00 00:00:00'),
(152, 'anit Kumar', 'anitkumar5010@gmail.com', '85ba13f529811b4e3178bc3b23b46dfc', '', 1, '30.729282', '76.840898', 1, 10, 1, '2015-10-29 04:41:13', '2015-10-29 04:41:13', 1, '', 'f082a623cdf89b86d061bdf504c8607e', 1, '2016-01-13 05:59:46', '2016-01-13 05:38:02'),
(154, 'Dev Aggrwal', 'testtalentelgia@gmail.com', '', '1625062417760686', 1, NULL, NULL, 1, 10, 7, '2015-10-30 10:40:43', '2015-10-30 10:40:43', 1, '', '', 0, '0000-00-00 00:00:00', '0000-00-00 00:00:00'),
(159, 'Jesse Lawrence', 'jesse@boulderbits.com', '5548c03ffb37f9de00e5f6c353be0d7e', '', 1, '40.016561', '-105.280976', 1, 10, 1, '2015-11-04 02:18:50', '2015-11-04 02:18:50', 1, '', '67cc75d8d82255bc203cf8db3642473b', 0, '0000-00-00 00:00:00', '0000-00-00 00:00:00'),
(160, 'A K GUPTA', 'amit.kumar1@talentelgia.in', 'e10adc3949ba59abbe56e057f20f883e', '', 1, '30.729281', '76.840802', 1, 10, 7, '2015-11-04 07:27:35', '2015-11-04 07:27:35', 1, '', '', 0, '0000-00-00 00:00:00', '0000-00-00 00:00:00'),
(161, 'palmi', 'palmi@mailinator.com', 'e10adc3949ba59abbe56e057f20f883e', '', 1, NULL, NULL, 1, 10, 7, '2015-11-06 05:25:46', '2015-11-06 05:25:46', 1, '', 'd03ed6fecc53fb0a9c99d5026f0bd3c9', 0, '0000-00-00 00:00:00', '0000-00-00 00:00:00'),
(162, 'rekha', 'rekha@mailinator.com', 'e10adc3949ba59abbe56e057f20f883e', '', 1, NULL, NULL, 1, 10, 7, '2015-11-06 09:37:16', '2015-11-06 09:37:16', 1, '', 'f205251d90abd5365a2f1421b8f13e34', 0, '0000-00-00 00:00:00', '0000-00-00 00:00:00'),
(163, 'Sarah  Krolick', 'sarah@boulderbits.com', '33eda0c1560027d95e01fb08290f15ba', '', 1, '40.017724', '-105.281843', 1, 10, 7, '2015-11-10 20:25:11', '2015-11-10 20:25:11', 1, '', '995b6fe10a428e2c7054c04540abc1ea', 0, '0000-00-00 00:00:00', '0000-00-00 00:00:00'),
(164, 'Sarah Krolick', 'sawahjane@gmail.com', '33eda0c1560027d95e01fb08290f15ba', '', 1, NULL, NULL, 1, 10, 7, '2015-11-10 20:35:31', '2015-11-10 20:35:31', 1, '', 'c2e61c475595aa6253c068ff2c315b29', 0, '0000-00-00 00:00:00', '0000-00-00 00:00:00'),
(165, 'zig ziglar', 'celebsingh1313@gmail.com', '202cb962ac59075b964b07152d234b70', '', 1, '30.729352', '76.840978', 0, 10, 1, '2015-11-13 07:38:57', '2016-01-01 10:01:58', 1, '', '4d768e1dbc50b17b676d13c2d028b4c2', 1, '2016-01-12 08:13:03', '2016-01-12 08:09:18'),
(166, 'riya yu', 'riya@mailinator.com', 'e10adc3949ba59abbe56e057f20f883e', '', 1, '30.695541', '76.849258', 1, 10, 7, '2015-11-18 08:06:22', '2015-11-18 08:06:22', 1, '', '120b5f8405c8dd0ee7b4550f9f10a88e', 0, '0000-00-00 00:00:00', '0000-00-00 00:00:00'),
(167, 'test pri test', 'test@hji.com', 'e10adc3949ba59abbe56e057f20f883e', '', 1, NULL, NULL, 1, 10, 7, '2015-11-18 09:55:11', '2015-11-18 09:55:11', 1, '', '346637261773ea8d7f7dae03adb5eb67', 0, '0000-00-00 00:00:00', '0000-00-00 00:00:00'),
(168, 'yellow', 'yellow@mailinator.com', 'e10adc3949ba59abbe56e057f20f883e', '', 1, NULL, NULL, 1, 10, 7, '2015-11-18 10:18:46', '2015-11-18 10:18:46', 1, '', '85c190844e7b34eb7319fe86bc3fc585', 0, '0000-00-00 00:00:00', '0000-00-00 00:00:00'),
(169, 'blue', 'blue@mailinator.com', 'e10adc3949ba59abbe56e057f20f883e', '', 1, NULL, NULL, 1, 10, 7, '2015-11-18 10:40:05', '2015-11-18 10:40:05', 1, '', 'f0774da213b42c635611c4a9de5a914a', 0, '0000-00-00 00:00:00', '0000-00-00 00:00:00'),
(170, 'Amit Gupta', 'amitgpt7@gmail.com', 'e10adc3949ba59abbe56e057f20f883e', '921861107894696', 1, '30.729305', '76.849258', 1, 10, 14, '2015-11-18 10:42:21', '2016-01-11 10:53:47', 1, 'null', '', 0, '0000-00-00 00:00:00', '0000-00-00 00:00:00'),
(171, 'tima', 'tima@mailinator.com', 'e10adc3949ba59abbe56e057f20f883e', '', 1, NULL, NULL, 1, 10, 7, '2015-11-18 11:00:28', '2015-11-19 12:00:38', 1, '', 'e868a8516493206ce05c5487ef0e38e2', 0, '0000-00-00 00:00:00', '0000-00-00 00:00:00'),
(172, 'Advait Upadhyay', 'upadhyay.advait@gmail.com', '', '10153816892798754', 1, NULL, NULL, 1, 10, 7, '2015-12-09 13:08:13', '2015-12-09 13:08:13', 1, '', '', 0, '0000-00-00 00:00:00', '0000-00-00 00:00:00'),
(173, 'Priyanka Sharma', 'priyanka.kundal@talentelgia.in', '', '127794094258025', 1, NULL, NULL, 1, 10, 7, '2015-12-17 10:31:14', '2015-12-17 10:33:15', 1, '', '', 0, '0000-00-00 00:00:00', '0000-00-00 00:00:00'),
(174, 'Celebsum India', 'celebsum.india@gmail.com', '', '195309060803947', 1, NULL, NULL, 1, 10, 7, '2015-12-17 11:21:33', '2015-12-17 11:21:33', 1, '', '', 0, '0000-00-00 00:00:00', '0000-00-00 00:00:00'),
(175, 'Gaurav Rana', 'gaurav.rana431@gmail.com', '', '1059317554099860', 1, NULL, NULL, 1, 10, 7, '2015-12-17 11:50:43', '2015-12-17 11:50:43', 1, '', '', 0, '0000-00-00 00:00:00', '0000-00-00 00:00:00'),
(176, 'sameer', 'sameer.wanchoo@talentelgia.in', 'fb5d1b4a2312e239652b13a24ed9a74f', '', 1, NULL, NULL, 1, 10, 7, '2015-12-22 07:39:52', '2015-12-22 07:39:52', 1, '', 'c1b1ddf02cf6d65ee3b870e0a31628b8', 0, '0000-00-00 00:00:00', '0000-00-00 00:00:00'),
(178, 'Rajesh', 'rajesh32426@gmail.com', '827ccb0eea8a706c4c34a16891f84e7b', '', 1, NULL, NULL, 1, 10, 7, '2016-01-08 04:01:41', '2016-01-08 04:01:41', 1, '', '9a549eee73fb810fa40d0abfc5c88c90', 0, '0000-00-00 00:00:00', '0000-00-00 00:00:00'),
(179, 'Testersingh', 'Talentelgia.testing@gmail.com', '531e53a5923f7eef20177230a0d69b9c', '143979189310749', 0, NULL, NULL, 1, 10, 7, '2016-01-11 07:05:00', '2016-01-11 07:21:30', 1, '', '0bd8574b37e331eef865d5c717fb8f18', 0, '0000-00-00 00:00:00', '0000-00-00 00:00:00'),
(180, 'Sandeep Singh', 'Sandeep.singh@talentelgia.in', '202cb962ac59075b964b07152d234b70', '', 1, '30.729393', '76.840855', 0, 10, 1, '2016-01-11 07:28:58', '2016-01-11 07:28:58', 1, '', '986f25a081eff7d4a39387ab36586aa5', 0, '0000-00-00 00:00:00', '0000-00-00 00:00:00'),
(181, 'Rohit Gupta', 'rohit.gupta@talentelgia.in', 'e10adc3949ba59abbe56e057f20f883e', '', 1, NULL, NULL, 0, 10, 7, '2016-01-11 12:37:59', '2016-01-11 12:37:59', 1, '', 'a19849e4ed97b849f6cd4f80d0b0f558', 0, '0000-00-00 00:00:00', '0000-00-00 00:00:00'),
(182, 'testuser', 'testuser@mailinator.com', '827ccb0eea8a706c4c34a16891f84e7b', '', 1, NULL, NULL, 0, 10, 0, '2016-01-11 12:42:08', '2016-01-11 12:42:08', 1, '', '453e67da6dc3c5e7411dfa05c480e840', 0, '0000-00-00 00:00:00', '0000-00-00 00:00:00'),
(183, 'Neeraj', 'neeraj.thakur@talentelgia.in', 'e10adc3949ba59abbe56e057f20f883e', '', 1, NULL, NULL, 1, 10, 7, '2016-01-11 12:51:36', '2016-01-11 12:52:45', 1, '', 'aa1f0a860a8ab6de394a22478143a3d2', 0, '0000-00-00 00:00:00', '0000-00-00 00:00:00'),
(184, 'testtlgt', 'testtlgt@mailinator.com', 'e10adc3949ba59abbe56e057f20f883e', '', 1, NULL, NULL, 1, 10, 7, '2016-01-11 14:06:00', '2016-01-11 14:06:00', 1, '', 'b7f07065476bffd06549b1fd7d434f60', 0, '0000-00-00 00:00:00', '0000-00-00 00:00:00'),
(185, 'Rohit Gupta', 'rohitgupta.1985@gmail.com', 'e10adc3949ba59abbe56e057f20f883e', '', 1, NULL, NULL, 1, 10, 7, '2016-01-11 14:06:39', '2016-01-11 14:06:39', 1, '', '1f7b7019f57727f1f998e6e0f1607957', 0, '0000-00-00 00:00:00', '0000-00-00 00:00:00'),
(186, 'muuser', 'muuser@mailinator.com', '827ccb0eea8a706c4c34a16891f84e7b', '', 0, NULL, NULL, 1, 10, 7, '2016-01-12 04:16:29', '2016-01-12 04:16:29', 1, '', '1b553d7df42ce05ef27db64344347aee', 0, '0000-00-00 00:00:00', '0000-00-00 00:00:00'),
(188, 'Gupta Amit', 'amitgpt773@gmail.com', '827ccb0eea8a706c4c34a16891f84e7b', '', 1, NULL, NULL, 1, 10, 7, '2016-01-12 04:25:59', '2016-01-13 04:04:48', 1, '', '', 0, '0000-00-00 00:00:00', '0000-00-00 00:00:00'),
(189, 'Amit Kumar', 'amit.kumar@talentelgia.in', '827ccb0eea8a706c4c34a16891f84e7b', '', 1, NULL, NULL, 1, 10, 7, '2016-01-12 05:18:28', '2016-01-12 05:18:28', 1, '', '', 0, '0000-00-00 00:00:00', '0000-00-00 00:00:00');

-- --------------------------------------------------------

--
-- Table structure for table `user_devices`
--

CREATE TABLE IF NOT EXISTS `user_devices` (
  `id` bigint(50) NOT NULL AUTO_INCREMENT,
  `user_id` bigint(50) NOT NULL,
  `device_id` varchar(200) NOT NULL,
  `status` smallint(6) NOT NULL,
  PRIMARY KEY (`id`),
  KEY `user_id` (`user_id`),
  KEY `user_id_2` (`user_id`)
) ENGINE=InnoDB  DEFAULT CHARSET=latin1 AUTO_INCREMENT=27 ;

--
-- Dumping data for table `user_devices`
--

INSERT INTO `user_devices` (`id`, `user_id`, `device_id`, `status`) VALUES
(9, 148, '2cc8983a3e68215f5d2a833c74ed9f7dab1d9510fef1fcc3693761f0536e0009', 1),
(10, 152, '2132a69f76a7ca4653c89df192e27641e960a353c9834de30576f9a8e2a4ab80', 1),
(13, 159, '9b111ba9c755c46eb4f9b74ee016de6a26a55f582747cc20f9705eddc960f7a9', 1),
(14, 160, '6f8e5180406e9803812f76fd9c446a3fbec1e2e9a9ae71e6fbe25b0ca0b9d09b', 1),
(15, 163, 'c3dd875973aa343672b9b8df8c5ed63830f50a4be67eda0c20116efb28779838', 1),
(16, 164, 'c3dd875973aa343672b9b8df8c5ed63830f50a4be67eda0c20116efb28779838', 1),
(18, 166, '6f8e5180406e9803812f76fd9c446a3fbec1e2e9a9ae71e6fbe25b0ca0b9d09b', 1),
(19, 167, '6f8e5180406e9803812f76fd9c446a3fbec1e2e9a9ae71e6fbe25b0ca0b9d09b', 1),
(21, 170, '40d54a16687d407ade728d721f784e730a85010941b067757d6ddc8a91e32530', 1),
(22, 170, '44d54a16687d407ade728d721f784e730a85010941b067757d6ddc8a91e32530', 1),
(23, 152, 'ef7f678e3b0f7b272c1713fac8e7c95b441f0f0cd24b706e7a9ff16a8409567e', 1),
(24, 165, '7ee7da28930368874e8a76761aed03ce3893903e1e151350250dec8db46da74e', 1),
(26, 180, 'c77dcbd7fefc584e1e4504cf21d1ebe439beebf9ec7c6fcc8f491cd71985f307', 1);

-- --------------------------------------------------------

--
-- Table structure for table `user_locations`
--

CREATE TABLE IF NOT EXISTS `user_locations` (
  `id` bigint(50) NOT NULL AUTO_INCREMENT,
  `user_id` bigint(50) NOT NULL,
  `location_type` varchar(200) NOT NULL,
  `description` varchar(255) DEFAULT NULL,
  `latitude` varchar(200) NOT NULL,
  `longitude` varchar(200) NOT NULL,
  `alert_notification` tinyint(4) NOT NULL DEFAULT '1' COMMENT '0-no,1-yes',
  `created_at` datetime NOT NULL,
  `modified_at` datetime NOT NULL,
  `status` smallint(6) NOT NULL COMMENT '0-inactive,1-active',
  PRIMARY KEY (`id`),
  KEY `user_id` (`user_id`)
) ENGINE=InnoDB  DEFAULT CHARSET=latin1 AUTO_INCREMENT=102 ;

--
-- Dumping data for table `user_locations`
--

INSERT INTO `user_locations` (`id`, `user_id`, `location_type`, `description`, `latitude`, `longitude`, `alert_notification`, `created_at`, `modified_at`, `status`) VALUES
(17, 145, 'Home', 'home 1', '30.7135646', '76.75307610000004', 1, '2015-10-20 05:03:25', '2015-10-20 05:03:25', 1),
(18, 145, 'Office', 'office', '30.7344587', '76.82953650000002', 1, '2015-10-20 05:26:33', '2015-10-30 10:49:38', 1),
(20, 145, 'Title 1', 'title 1', '30.7299586', '76.81010379999998', 0, '2015-10-20 05:35:13', '2015-10-20 05:35:13', 1),
(43, 152, 'Home', 'Home', '30.733315', '76.779418', 1, '2016-01-13 05:44:14', '2016-01-13 05:44:14', 1),
(45, 152, 'Title 1', 'Title 1', '36.732181', '-119.797670', 1, '2016-01-11 08:12:00', '2016-01-11 08:12:00', 1),
(62, 159, 'Home', 'Home', '40.027185', '-105.265495', 1, '2015-11-04 02:28:00', '2015-11-04 02:28:00', 1),
(63, 159, 'Office', 'Office', '40.019744', '-105.282860', 1, '2015-11-04 16:01:34', '2015-11-04 16:01:34', 1),
(67, 146, 'Office', 'office', '28.5938532', '77.18873639999993', 1, '2015-11-06 04:43:23', '2015-11-18 09:45:36', 1),
(70, 161, 'Home', 'home 1', '30.7398339', '76.78270199999997', 1, '2015-11-06 07:02:28', '2015-11-06 07:02:28', 1),
(72, 146, 'Home', 'lalit hotel', '30.7399738', '76.7567368', 1, '2015-11-18 07:58:34', '2015-11-18 09:45:36', 1),
(75, 171, 'Home', 'Description', '30.7253443', '76.84759120000001', 1, '2015-11-19 12:03:09', '2015-11-19 12:03:09', 1),
(84, 165, 'Office', 'Office', '30.751425', '76.757913', 1, '2016-01-01 12:26:31', '2016-01-01 12:26:31', 1),
(85, 165, 'School', 'School', '30.962118', '75.953801', 1, '2016-01-01 12:27:02', '2016-01-01 12:27:02', 1),
(87, 165, 'Home', 'Home', '40.712784', '-74.005941', 1, '2016-01-12 04:56:46', '2016-01-12 04:56:46', 1),
(90, 148, 'Office', 'Office', '28.835050', '76.177483', 1, '2016-01-05 07:45:55', '2016-01-05 07:45:55', 1),
(91, 148, 'Home', 'Home', '30.733315', '76.779418', 1, '2016-01-13 05:42:51', '2016-01-13 05:42:51', 1),
(93, 180, 'Office', 'Office', '-16.920334', '145.770860', 0, '2016-01-11 10:51:02', '2016-01-11 10:51:02', 1),
(95, 180, 'Home', 'Home', '32.041942', '75.405337', 1, '2016-01-11 10:43:29', '2016-01-11 10:43:29', 1),
(96, 180, 'School', 'School', '30.721342', '76.781260', 0, '2016-01-11 07:41:35', '2016-01-11 07:41:35', 1),
(97, 180, 'Title 2', 'Test1', '30.7344587', '76.82953650000002', 0, '2016-01-11 07:42:23', '2016-01-11 07:59:59', 1),
(98, 170, 'Home', 'Home', '30.7398339', '76.78270199999997', 1, '2016-01-11 10:54:27', '2016-01-11 10:54:27', 1),
(100, 188, 'Home', 'Home', '30.7398339', '76.78270199999997', 1, '2016-01-12 04:43:43', '2016-01-13 04:04:48', 1),
(101, 163, 'Home', 'Home Base', '40.0149856', '-105.27054559999999', 1, '2016-01-12 18:40:48', '2016-01-12 18:40:48', 1);

-- --------------------------------------------------------

--
-- Table structure for table `wild_alert_posts`
--

CREATE TABLE IF NOT EXISTS `wild_alert_posts` (
  `id` bigint(50) NOT NULL AUTO_INCREMENT,
  `user_id` bigint(50) NOT NULL,
  `animal_id` bigint(50) NOT NULL,
  `title` varchar(255) NOT NULL,
  `notes` varchar(255) NOT NULL,
  `latitude` varchar(200) NOT NULL,
  `longitude` varchar(200) NOT NULL,
  `created_at` datetime NOT NULL,
  `modified_at` datetime NOT NULL,
  `image_name` varchar(200) NOT NULL,
  `image_path` varchar(200) NOT NULL,
  `status` smallint(6) NOT NULL,
  PRIMARY KEY (`id`),
  KEY `user_id` (`user_id`,`animal_id`),
  KEY `animal_id` (`animal_id`)
) ENGINE=InnoDB  DEFAULT CHARSET=latin1 AUTO_INCREMENT=206 ;

--
-- Dumping data for table `wild_alert_posts`
--

INSERT INTO `wild_alert_posts` (`id`, `user_id`, `animal_id`, `title`, `notes`, `latitude`, `longitude`, `created_at`, `modified_at`, `image_name`, `image_path`, `status`) VALUES
(3, 148, 63, 'bjhjhvvyibojbbljbougkvhv', 'Jhvfyifyfhivougcugcvihvkhvihvc jjbjjj', '30.6911704', '76.7350951', '2015-10-27 05:09:14', '2015-10-27 05:09:14', '2015-10-2705:09:14904.jpg', '/home/talentelgiaedc/public_html/wildalerts/upload', 1),
(4, 148, 75, 'dekh ', 'Dhuvuevyd uyegedufy', '30.6810732', '76.7466378', '2015-10-27 11:26:58', '2015-10-27 11:26:58', '2015-10-2711:26:58975.jpg', '/home/talentelgiaedc/public_html/wildalerts/upload', 1),
(5, 148, 65, 'vhcjgvihvviy', 'Jhviyfyviyvvhiihvihv', '30.727940', '76.840536', '2015-10-27 11:31:11', '2015-10-27 11:31:11', '2015-10-2711:31:11408.jpg', '/home/talentelgiaedc/public_html/wildalerts/upload', 1),
(6, 148, 76, 'ihuogiugg', 'Uykfuyfitufot', '30.7021049', '76.8000091', '2015-10-27 11:36:10', '2015-10-27 11:36:10', '2015-10-2711:36:10933.jpg', '/home/talentelgiaedc/public_html/wildalerts/upload', 1),
(7, 148, 77, 'uyfiugguogou', 'Juflhiglih fkh vytoiupiugcoiytoiyggpiugvioyiovgioyycoiygcoihgcilygliygiyovyi', '30.729197', '76.840763', '2015-10-27 11:38:01', '2015-10-27 11:38:01', '2015-10-2711:38:01854.jpg', '/home/talentelgiaedc/public_html/wildalerts/upload', 1),
(8, 148, 70, 'gniutdkuctkxy', 'Ghfxiytdlutccjgoufgfif. Uif ufti iuffuiggug fouuuibhjhkhjnj. Y hmjhjggigj gmvjvnvjvjvjv', '30.729266', '76.840789', '2015-10-27 11:40:23', '2015-10-27 11:40:23', '2015-10-2711:40:23987.jpg', '/home/talentelgiaedc/public_html/wildalerts/upload', 1),
(9, 148, 63, 'mghchgkdtkucch,gcjg,c', 'Mhgckugcktkccgjhfjhcckuc', '30.6801768', '76.74570549999999', '2015-10-27 12:47:03', '2015-10-27 12:47:03', '2015-10-2712:47:03409.jpg', '/home/talentelgiaedc/public_html/wildalerts/upload', 1),
(10, 148, 63, 'uhcfchg', 'Jhfckugcckuck,jbc', '30.7398339', '76.78270199999997', '2015-10-27 13:14:02', '2015-10-27 13:14:02', '2015-10-2713:14:02116.jpg', '/home/talentelgiaedc/public_html/wildalerts/upload', 1),
(11, 148, 63, 'mngckugcytkckxugxl', 'Hmgckugdkdytdgukckkuckugc', '30.7135646', '76.75307610000004', '2015-10-27 13:16:58', '2015-10-27 13:16:58', '2015-10-2713:16:58358.jpg', '/home/talentelgiaedc/public_html/wildalerts/upload', 1),
(12, 148, 71, ',jhfsbliufbqrelihbv', 'Ni,sihlcadebdjie', '30.6903348', '76.86095750000004', '2015-10-27 13:21:30', '2015-10-27 13:21:30', '2015-10-2713:21:30694.jpg', '/home/talentelgiaedc/public_html/wildalerts/upload', 1),
(15, 148, 65, 'dhgcghfhgfghfhgf', 'Chgfghcgjfhnfghjgjhgj', '30.6898813', '76.84836769999993', '2015-10-28 12:38:45', '2015-10-28 12:38:45', '2015-10-2812:38:45955.jpg', '/home/talentelgiaedc/public_html/wildalerts/upload', 1),
(16, 148, 67, 'ghcghhfhjfj', 'Ghkvkhgjhvjh', '30.68493299999999', '76.83894129999999', '2015-10-28 12:43:18', '2015-10-28 12:43:18', '2015-10-2812:43:18411.jpg', '/home/talentelgiaedc/public_html/wildalerts/upload', 1),
(19, 160, 65, 'assdfs', 'dsfsdf', '30.729281', '76.840802', '2015-10-29 11:00:46', '2015-11-04 13:29:16', '2015-11-0413:29:1635.jpg', '/home/talentelgiaedc/public_html/wildalerts/upload', 1),
(21, 152, 68, 'tubing', 'Chchgjh', '30.729258', '76.840770', '2015-10-30 07:00:30', '2015-10-30 07:00:30', '2015-10-3007:00:30269.jpg', '/home/talentelgiaedc/public_html/wildalerts/upload', 1),
(22, 152, 80, 'alfalfa', 'Sfastaig', '30.729325', '76.840830', '2015-10-30 07:02:59', '2015-10-30 07:02:59', '2015-10-3007:02:59924.jpg', '/home/talentelgiaedc/public_html/wildalerts/upload', 1),
(23, 152, 81, 'today''s', 'Kgxyoxf', '30.729262', '76.840777', '2015-10-30 07:07:45', '2015-10-30 07:07:45', '2015-10-3007:07:45863.jpg', '/home/talentelgiaedc/public_html/wildalerts/upload', 1),
(24, 152, 82, 'nckfkvkvk', 'Mchdfjf', '30.729262', '76.840777', '2015-10-30 07:09:19', '2015-10-30 07:09:19', '2015-10-3007:09:19225.jpg', '/home/talentelgiaedc/public_html/wildalerts/upload', 1),
(25, 152, 83, 'kgskgsx', 'Jzfoydoyd', '30.729218', '76.840761', '2015-10-30 07:15:40', '2015-10-30 07:15:40', '2015-10-3007:15:40220.jpg', '/home/talentelgiaedc/public_html/wildalerts/upload', 1),
(26, 152, 84, 'if sits', 'Jgsodhpd', '30.729218', '76.840761', '2015-10-30 07:16:45', '2015-10-30 07:16:45', '2015-10-3007:16:45988.jpg', '/home/talentelgiaedc/public_html/wildalerts/upload', 1),
(27, 152, 83, 'city', 'Mcnckk', '30.729212', '76.840673', '2015-10-30 07:21:48', '2015-10-30 07:21:48', '2015-10-3007:21:48490.jpg', '/home/talentelgiaedc/public_html/wildalerts/upload', 1),
(28, 152, 85, 'giant', 'Fiaits', '30.729212', '76.840673', '2015-10-30 07:24:32', '2015-10-30 07:24:32', '2015-10-3007:24:32867.jpg', '/home/talentelgiaedc/public_html/wildalerts/upload', 1),
(30, 146, 87, 'dangerous creatures', 'Please take care of kids', '30.729221', '76.840799', '2015-11-02 06:00:57', '2015-11-04 06:25:06', '2015-11-0406:25:06309.jpg', '/home/talentelgiaedc/public_html/wildalerts/upload', 1),
(33, 159, 89, 'wild Jesse', 'Never approach a wild Jesse in his natural habitat:)', '0.000000', '0.000000', '2015-11-04 02:23:56', '2015-11-04 02:23:56', '2015-11-0402:23:5656.jpg', '/home/talentelgiaedc/public_html/wildalerts/upload', 1),
(34, 159, 90, 'kpl test ', '', '0.000000', '0.000000', '2015-11-04 02:31:09', '2015-11-04 02:31:09', '2015-11-0402:31:09368.jpg', '/home/talentelgiaedc/public_html/wildalerts/upload', 1),
(35, 146, 91, 'test', 'Test', '30.729221', '76.840799', '2015-11-04 06:06:29', '2015-11-04 06:09:43', '2015-11-0406:09:43249.jpg', '/home/talentelgiaedc/public_html/wildalerts/upload', 1),
(36, 148, 63, 'hahahaha', 'Shahs bshsndis', '30.729423', '76.840954', '2015-11-04 09:29:23', '2015-11-09 11:17:11', '2015-11-0911:17:11830.jpg', '/home/talentelgiaedc/public_html/wildalerts/upload', 1),
(37, 159, 71, '1015 Utica Ave', 'Broke in my car, still inside!', '0.000000', '0.000000', '2015-11-04 19:07:43', '2015-11-04 19:07:43', '2015-11-0419:07:43484.jpg', '/home/talentelgiaedc/public_html/wildalerts/upload', 1),
(38, 159, 67, 'Galvanize', 'Hungry', '0.000000', '0.000000', '2015-11-04 19:10:42', '2015-11-04 19:10:42', '2015-11-0419:10:42907.jpg', '/home/talentelgiaedc/public_html/wildalerts/upload', 1),
(41, 152, 63, 'hands', 'New', '30.729302', '76.840800', '2015-11-06 07:48:39', '2015-11-06 07:48:39', '2015-11-0607:48:39372.jpg', '/home/talentelgiaedc/public_html/wildalerts/upload', 1),
(42, 152, 63, 'agh shahs 2', 'New 2', '30.729266', '76.840808', '2015-11-06 07:59:25', '2015-11-06 07:59:25', '2015-11-0607:59:25885.jpg', '/home/talentelgiaedc/public_html/wildalerts/upload', 1),
(43, 152, 64, 'jiffy', 'If igg new 3 bdhdhdhdud', '30.729762', '76.842366', '2015-11-06 08:13:21', '2015-11-09 13:25:52', '2015-11-0913:25:52207.jpg', '/home/talentelgiaedc/public_html/wildalerts/upload', 1),
(44, 152, 66, 'title', 'Title', '30.729335', '76.840837', '2015-11-06 09:35:15', '2015-11-06 09:35:15', '2015-11-0609:35:1545.jpg', '/home/talentelgiaedc/public_html/wildalerts/upload', 1),
(45, 152, 66, 'title try', 'Title try', '30.729292', '76.840755', '2015-11-06 10:06:50', '2015-11-06 10:06:50', '2015-11-0610:06:50251.jpg', '/home/talentelgiaedc/public_html/wildalerts/upload', 1),
(46, 152, 68, 'testing', 'Testing', '30.729204', '76.840786', '2015-11-06 10:30:14', '2015-11-06 10:30:14', '2015-11-0610:30:14628.jpg', '/home/talentelgiaedc/public_html/wildalerts/upload', 1),
(47, 152, 67, 'tefghd', 'Hhhhgdbvv', '30.729253', '76.840870', '2015-11-06 10:38:45', '2015-11-06 10:38:45', '2015-11-0610:38:45460.jpg', '/home/talentelgiaedc/public_html/wildalerts/upload', 1),
(48, 152, 70, 'title', 'Shdhdndhdjdhd', '30.729312', '76.840824', '2015-11-06 12:00:43', '2015-11-06 12:00:43', '2015-11-0612:00:43455.jpg', '/home/talentelgiaedc/public_html/wildalerts/upload', 1),
(49, 152, 70, 'cjbchkn totle ', 'Bhhj', '30.729311', '76.840807', '2015-11-06 12:02:13', '2015-11-06 12:02:13', '2015-11-0612:02:13167.jpg', '/home/talentelgiaedc/public_html/wildalerts/upload', 1),
(50, 152, 66, 'behoxiehxihiehodhw 222', 'Nzoehizehzowhzosbziwbozhwz', '30.729304', '76.840790', '2015-11-06 12:08:32', '2015-11-06 12:08:32', '2015-11-0612:08:32882.jpg', '/home/talentelgiaedc/public_html/wildalerts/upload', 1),
(51, 152, 68, 'new post know', 'Yes it''s new post', '30.729304', '76.840790', '2015-11-06 12:12:14', '2015-11-06 12:12:14', '2015-11-0612:12:14315.jpg', '/home/talentelgiaedc/public_html/wildalerts/upload', 1),
(52, 152, 65, 'second new post ', 'Second new post', '30.729304', '76.840790', '2015-11-06 12:18:07', '2015-11-06 12:18:07', '2015-11-0612:18:07980.jpg', '/home/talentelgiaedc/public_html/wildalerts/upload', 1),
(53, 152, 69, 'hahahahahahaha ', 'Hahahaha', '30.729381', '76.840858', '2015-11-06 12:24:24', '2015-11-06 12:24:24', '2015-11-0612:24:24335.jpg', '/home/talentelgiaedc/public_html/wildalerts/upload', 1),
(54, 152, 72, 'Ghandi', 'Ganging my', '30.729381', '76.840858', '2015-11-06 12:25:41', '2015-11-06 12:25:41', '2015-11-0612:25:41988.jpg', '/home/talentelgiaedc/public_html/wildalerts/upload', 1),
(55, 152, 73, 'banana', 'Dhsndnd', '30.729289', '76.840829', '2015-11-06 12:28:57', '2015-11-06 12:28:57', '2015-11-0612:28:57833.jpg', '/home/talentelgiaedc/public_html/wildalerts/upload', 1),
(56, 152, 74, 'hhhh', 'Bhhj', '30.729328', '76.840830', '2015-11-06 12:34:34', '2015-11-06 12:34:34', '2015-11-0612:34:34167.jpg', '/home/talentelgiaedc/public_html/wildalerts/upload', 1),
(57, 159, 71, 'Jesse bear', '', '40.025508', '-105.279099', '2015-11-09 15:43:06', '2015-11-09 15:43:06', '2015-11-0915:43:06894.jpg', '/home/talentelgiaedc/public_html/wildalerts/upload', 1),
(58, 159, 71, 'Jesse bear', '', '40.025508', '-105.279099', '2015-11-09 15:43:13', '2015-11-09 15:43:13', '2015-11-0915:43:13561.jpg', '/home/talentelgiaedc/public_html/wildalerts/upload', 1),
(59, 159, 64, 'Jesse tiger', '', '40.025508', '-105.279099', '2015-11-10 00:08:29', '2015-11-10 00:08:29', '2015-11-1000:08:29914.jpg', '/home/talentelgiaedc/public_html/wildalerts/upload', 1),
(60, 159, 93, 'coffee crocodile ', 'People are dangerous until they''ve had coffee.', '40.017699', '-105.282396', '2015-11-10 17:04:21', '2015-11-10 17:04:21', '2015-11-1017:04:2164.jpg', '/home/talentelgiaedc/public_html/wildalerts/upload', 1),
(61, 163, 65, 'broken leg', 'Silver and black juvenile fox possible broken leg', '40.017842', '-105.281716', '2015-11-10 20:48:03', '2015-11-10 20:48:03', '2015-11-1020:48:03628.jpg', '/home/talentelgiaedc/public_html/wildalerts/upload', 1),
(62, 163, 73, 'daddy long legs', 'Has fangs', '40.017842', '-105.281716', '2015-11-10 20:55:54', '2015-11-10 20:55:54', '2015-11-1020:55:54899.jpg', '/home/talentelgiaedc/public_html/wildalerts/upload', 1),
(63, 152, 64, 'bshsndis', 'Shshshdhdjd', '30.729762', '76.842366', '2015-11-16 07:23:02', '2015-11-16 07:23:02', '49ca15b8cc3def2658cc0c91f5cf8c059a9472d0613d87d88cc2ecbc0b8e2763_3.jpg', '/home/talentelgiaedc/public_html/wildalerts/upload', 1),
(64, 152, 65, 'nckfkvkvk', 'Nckfkvkvk', '30.729762', '76.842366', '2015-11-16 07:24:46', '2015-11-16 07:24:46', '49ca15b8cc3def2658cc0c91f5cf8c059a9472d0613d87d88cc2ecbc0b8e2763_4.jpg', '/home/talentelgiaedc/public_html/wildalerts/upload', 1),
(65, 152, 63, 'this his', 'Hdhdhjdjdhdjdjdjdjdjdjd', '30.729762', '76.842366', '2015-11-16 07:28:58', '2015-11-16 07:28:58', '49ca15b8cc3def2658cc0c91f5cf8c059a9472d0613d87d88cc2ecbc0b8e2763_5.jpg', '/home/talentelgiaedc/public_html/wildalerts/upload', 1),
(66, 152, 66, 'hshshdhhdhhsjjshsjjjs', 'Fbcnkdnfkfnfk', '30.729762', '76.842366', '2015-11-16 07:31:22', '2015-11-16 07:31:22', '49ca15b8cc3def2658cc0c91f5cf8c059a9472d0613d87d88cc2ecbc0b8e2763_6.jpg', '/home/talentelgiaedc/public_html/wildalerts/upload', 1),
(67, 152, 64, 'Hdhdhjdj', 'Dnndndndndjdndkdjfjdjdjjd', '30.729762', '76.842366', '2015-11-16 07:32:41', '2015-11-16 07:32:41', '49ca15b8cc3def2658cc0c91f5cf8c059a9472d0613d87d88cc2ecbc0b8e2763_7.jpg', '/home/talentelgiaedc/public_html/wildalerts/upload', 1),
(68, 152, 64, 'bshsndis', 'Dhsjshshs sjs', '30.729762', '76.842366', '2015-11-16 07:34:41', '2015-11-16 07:34:41', '49ca15b8cc3def2658cc0c91f5cf8c059a9472d0613d87d88cc2ecbc0b8e2763_8.jpg', '/home/talentelgiaedc/public_html/wildalerts/upload', 1),
(69, 152, 63, 'cjvkfjdckvjxjc', 'Fjfkvhkvkigkcjcjc', '30.729762', '76.842366', '2015-11-16 09:48:54', '2015-11-16 09:48:54', 'e6f1ea3a7e6a61f45823d346d122f7cc4b68ea43e8a4bae4e09a2c37f6f97eb1_1.jpg', '/home/talentelgiaedc/public_html/wildalerts/upload', 1),
(70, 152, 63, 'HDFC', 'Chuckled', '30.729762', '76.842366', '2015-11-16 12:59:48', '2015-11-16 12:59:48', 'e6f1ea3a7e6a61f45823d346d122f7cc4b68ea43e8a4bae4e09a2c37f6f97eb1_2.jpg', '/home/talentelgiaedc/public_html/wildalerts/upload', 1),
(71, 152, 64, 'bands', 'Dnndndndndjdndkdjfjdjdjjd', '30.729762', '76.842366', '2015-11-16 13:01:10', '2015-11-16 13:01:10', 'e6f1ea3a7e6a61f45823d346d122f7cc4b68ea43e8a4bae4e09a2c37f6f97eb1_3.jpg', '/home/talentelgiaedc/public_html/wildalerts/upload', 1),
(72, 152, 64, 'bshsndis', 'Dhsndnd', '30.729762', '76.842366', '2015-11-16 13:06:47', '2015-11-16 13:06:47', 'f472c095a8dc234d6167783d3d1c049e95755974ea2d15e1eaabb082c951554b_1.jpg', '/home/talentelgiaedc/public_html/wildalerts/upload', 1),
(73, 152, 63, 'dhsndnd', 'Shjsbdjdndjsbs', '30.729762', '76.842366', '2015-11-16 13:13:29', '2015-11-16 13:13:29', 'e6f1ea3a7e6a61f45823d346d122f7cc4b68ea43e8a4bae4e09a2c37f6f97eb1_2.jpg', '/home/talentelgiaedc/public_html/wildalerts/upload', 1),
(74, 152, 66, 'Chv', 'Hhh bhhj', '30.729762', '76.842366', '2015-11-16 13:16:09', '2015-11-16 13:16:09', 'e6f1ea3a7e6a61f45823d346d122f7cc4b68ea43e8a4bae4e09a2c37f6f97eb1_3.jpg', '/home/talentelgiaedc/public_html/wildalerts/upload', 1),
(75, 152, 66, 'fhnbff', 'Hijacking', '30.729762', '76.842366', '2015-11-16 13:23:15', '2015-11-16 13:23:15', 'e6f1ea3a7e6a61f45823d346d122f7cc4b68ea43e8a4bae4e09a2c37f6f97eb1_4.jpg', '/home/talentelgiaedc/public_html/wildalerts/upload', 1),
(76, 152, 66, 'nckfkvkvk', 'Nckfkvkvk for', '30.729762', '76.842366', '2015-11-16 13:26:54', '2015-11-16 13:26:54', 'e6f1ea3a7e6a61f45823d346d122f7cc4b68ea43e8a4bae4e09a2c37f6f97eb1_5.jpg', '/home/talentelgiaedc/public_html/wildalerts/upload', 1),
(77, 152, 64, 'nckfkvkvk', 'Nckfkvkvk jdo', '30.729762', '76.842366', '2015-11-16 13:29:14', '2015-11-16 13:29:14', 'e6f1ea3a7e6a61f45823d346d122f7cc4b68ea43e8a4bae4e09a2c37f6f97eb1_6.jpg', '/home/talentelgiaedc/public_html/wildalerts/upload', 1),
(78, 152, 63, 'dhsndnd', 'Shjsbdjdndjsbs', '30.729762', '76.842366', '2015-11-17 07:35:24', '2015-11-17 07:35:24', 'f472c095a8dc234d6167783d3d1c049e95755974ea2d15e1eaabb082c951554b_7.jpg', '/home/talentelgiaedc/public_html/wildalerts/upload', 1),
(79, 152, 63, 'fhnbff', 'Gujju jdffif', '30.729762', '76.842366', '2015-11-17 07:38:05', '2015-11-17 07:38:05', 'e6f1ea3a7e6a61f45823d346d122f7cc4b68ea43e8a4bae4e09a2c37f6f97eb1_8.jpg', '/home/talentelgiaedc/public_html/wildalerts/upload', 1),
(80, 152, 63, 'Albania', 'Ambanlalhalh', '30.729762', '76.842366', '2015-11-17 07:49:18', '2015-11-17 07:49:18', 'e6f1ea3a7e6a61f45823d346d122f7cc4b68ea43e8a4bae4e09a2c37f6f97eb1_9.jpg', '/home/talentelgiaedc/public_html/wildalerts/upload', 1),
(81, 152, 66, 'bsnzvzkdbd', 'vhz zhzvz', '30.729762', '76.842366', '2015-11-17 11:35:15', '2015-11-17 11:35:15', 'e6f1ea3a7e6a61f45823d346d122f7cc4b68ea43e8a4bae4e09a2c37f6f97eb1_10.jpg', '/home/talentelgiaedc/public_html/wildalerts/upload', 1),
(82, 152, 65, 'hahahaha', 'Shshshdhdjd', '30.729762', '76.842366', '2015-11-17 11:37:03', '2015-11-17 11:37:03', 'e6f1ea3a7e6a61f45823d346d122f7cc4b68ea43e8a4bae4e09a2c37f6f97eb1_11.jpg', '/home/talentelgiaedc/public_html/wildalerts/upload', 1),
(83, 152, 65, 'it''s you', 'It''s toddies', '40.496275', '-84.560158', '2015-11-17 11:39:07', '2015-11-17 11:39:07', 'e6f1ea3a7e6a61f45823d346d122f7cc4b68ea43e8a4bae4e09a2c37f6f97eb1_12.jpg', '/home/talentelgiaedc/public_html/wildalerts/upload', 1),
(84, 152, 66, 'thigh', 'Fbgjjb', '48.851082', '17.127050', '2015-11-17 11:51:47', '2015-11-17 11:51:47', 'e6f1ea3a7e6a61f45823d346d122f7cc4b68ea43e8a4bae4e09a2c37f6f97eb1_13.jpg', '/home/talentelgiaedc/public_html/wildalerts/upload', 1),
(85, 152, 66, 'Hdhdhjdj', 'Hdhdhjdjdhdjdjdjdjdjdjd', '30.729762', '76.842366', '2015-11-17 11:53:15', '2015-11-17 11:53:15', 'e6f1ea3a7e6a61f45823d346d122f7cc4b68ea43e8a4bae4e09a2c37f6f97eb1_14.jpg', '/home/talentelgiaedc/public_html/wildalerts/upload', 1),
(86, 166, 66, 'yuyuffyufyu', 'Ugchuffyufuvgvguvguvu', '30.729762', '76.842366', '2015-11-18 08:15:01', '2015-11-18 08:15:01', 'e6f1ea3a7e6a61f45823d346d122f7cc4b68ea43e8a4bae4e09a2c37f6f97eb1_1.jpg', '/home/talentelgiaedc/public_html/wildalerts/upload', 1),
(87, 166, 95, 'test', 'Test', '30.729762', '76.842366', '2015-11-18 08:18:33', '2015-11-18 08:18:33', 'e6f1ea3a7e6a61f45823d346d122f7cc4b68ea43e8a4bae4e09a2c37f6f97eb1_2.jpg', '/home/talentelgiaedc/public_html/wildalerts/upload', 1),
(88, 166, 96, 'test test', 'Test test', '30.729762', '76.842366', '2015-11-18 08:27:30', '2015-11-18 08:27:30', 'e6f1ea3a7e6a61f45823d346d122f7cc4b68ea43e8a4bae4e09a2c37f6f97eb1_3.jpg', '/home/talentelgiaedc/public_html/wildalerts/upload', 1),
(89, 152, 97, 'test', 'Hshsbshshsbsksnssndbs', '30.730573', '76.847622', '2015-11-18 09:59:40', '2015-11-23 05:02:31', 'e6f1ea3a7e6a61f45823d346d122f7cc4b68ea43e8a4bae4e09a2c37f6f97eb1_17.jpg', '/home/talentelgiaedc/public_html/wildalerts/upload', 1),
(90, 152, 71, 'test', '', '30.729762', '76.842366', '2015-11-18 11:51:25', '2015-11-18 11:51:25', 'e6f1ea3a7e6a61f45823d346d122f7cc4b68ea43e8a4bae4e09a2c37f6f97eb1_15.jpg', '/home/talentelgiaedc/public_html/wildalerts/upload', 1),
(91, 146, 65, 'assdfs', 'dsfsdf', '30.6965457', '76.7341932', '2015-12-04 10:53:26', '2015-12-04 10:53:26', 'abc.jpg', '/home/talentelgiaedc/public_html/wildalerts/upload', 1),
(92, 146, 65, 'assdfs', 'dsfsdf', '30.6965457', '76.7341932', '2015-12-04 10:56:04', '2015-12-04 10:56:04', 'abc.jpg', '/home/talentelgiaedc/public_html/wildalerts/upload', 1),
(93, 146, 65, 'assdfs', 'dsfsdf', '30.6965457', '76.7341932', '2015-12-04 12:30:37', '2015-12-04 12:30:37', 'abc.jpg.jpg', '/home/talentelgiaedc/public_html/wildalerts/upload', 1),
(94, 146, 99, 'assdfs', 'dsfsdf', '30.6965457', '76.7341932', '2015-12-04 12:31:18', '2015-12-04 12:31:18', 'thisone.png.jpg', '/home/talentelgiaedc/public_html/wildalerts/upload', 1),
(95, 152, 63, 'jack I', 'Vje vich Chv', '30.729762', '76.842366', '2015-12-04 12:34:06', '2015-12-04 12:34:06', 'e6f1ea3a7e6a61f45823d346d122f7cc4b68ea43e8a4bae4e09a2c37f6f97eb1_19.jpg', '/home/talentelgiaedc/public_html/wildalerts/upload', 1),
(96, 152, 63, 'Gucci', 'H uccvhcuuc', '30.729762', '76.842366', '2015-12-07 05:05:47', '2015-12-07 05:05:47', 'e6f1ea3a7e6a61f45823d346d122f7cc4b68ea43e8a4bae4e09a2c37f6f97eb1_20.jpg', '/home/talentelgiaedc/public_html/wildalerts/upload', 1),
(97, 152, 63, 'nckfkvkvk', 'Nckfkvkvk gig', '30.729762', '76.842366', '2015-12-07 09:23:19', '2015-12-07 09:23:19', 'e6f1ea3a7e6a61f45823d346d122f7cc4b68ea43e8a4bae4e09a2c37f6f97eb1_21.jpg', '/home/talentelgiaedc/public_html/wildalerts/upload', 1),
(98, 152, 101, 'shshsh', 'Dhsjshshs', '0.000000', '0.000000', '2015-12-07 10:52:59', '2015-12-07 10:52:59', 'e6f1ea3a7e6a61f45823d346d122f7cc4b68ea43e8a4bae4e09a2c37f6f97eb1_23.jpg', '/home/talentelgiaedc/public_html/wildalerts/upload', 1),
(99, 152, 63, 'hshshdhhdhhsjjshsjjjs', 'Hdhdhjdj', '30.729762', '76.842366', '2015-12-07 11:31:39', '2015-12-07 11:31:39', 'e6f1ea3a7e6a61f45823d346d122f7cc4b68ea43e8a4bae4e09a2c37f6f97eb1_24.jpg', '/home/talentelgiaedc/public_html/wildalerts/upload', 1),
(100, 152, 66, 'vjkhdjj', 'Chchgjh', '30.729762', '76.842366', '2015-12-07 11:34:43', '2015-12-07 11:34:43', 'e6f1ea3a7e6a61f45823d346d122f7cc4b68ea43e8a4bae4e09a2c37f6f97eb1_27.jpg', '/home/talentelgiaedc/public_html/wildalerts/upload', 1),
(101, 152, 64, 'agh she', 'Dhsjshshs', '30.729762', '76.842366', '2015-12-07 11:36:30', '2015-12-07 11:36:30', 'e6f1ea3a7e6a61f45823d346d122f7cc4b68ea43e8a4bae4e09a2c37f6f97eb1_28.jpg', '/home/talentelgiaedc/public_html/wildalerts/upload', 1),
(102, 146, 102, 'assdfs', 'dsfsdf', '30.6965457', '76.7341932', '2015-12-07 11:58:47', '2015-12-07 11:58:47', 'abc.jpg', '/home/talentelgiaedc/public_html/wildalerts/upload', 1),
(103, 159, 105, 'testing ', '', '40.033706', '-105.268071', '2015-12-24 13:41:43', '2015-12-24 13:41:43', 'e6f1ea3a7e6a61f45823d346d122f7cc4b68ea43e8a4bae4e09a2c37f6f97eb1_3.jpg', '/home/talentelgiaedc/public_html/wildalerts/upload', 1),
(104, 159, 106, 'new test', '', '40.027195', '-105.265492', '2015-12-24 13:42:33', '2015-12-24 13:42:33', 'e6f1ea3a7e6a61f45823d346d122f7cc4b68ea43e8a4bae4e09a2c37f6f97eb1_5.jpg', '/home/talentelgiaedc/public_html/wildalerts/upload', 1),
(105, 159, 108, 'deer at our house', '', '40.028501', '-105.266040', '2015-12-25 15:40:41', '2015-12-25 15:40:41', 'e6f1ea3a7e6a61f45823d346d122f7cc4b68ea43e8a4bae4e09a2c37f6f97eb1_7.jpg', '/home/talentelgiaedc/public_html/wildalerts/upload', 1),
(106, 148, 65, 'normal', 'Test', '34.052238', '-118.243344', '2015-12-30 10:45:20', '2015-12-31 07:56:52', 'e6f1ea3a7e6a61f45823d346d122f7cc4b68ea43e8a4bae4e09a2c37f6f97eb1_2.jpg', '/var/www/html/upload', 1),
(107, 148, 67, 'dangerous creature', 'Testing', '31.914497', '77.247825', '2015-12-30 11:46:54', '2015-12-31 08:25:31', 'e6f1ea3a7e6a61f45823d346d122f7cc4b68ea43e8a4bae4e09a2c37f6f97eb1_7.jpg', '/var/www/html/upload', 1),
(108, 148, 63, 'testing on iPhone ', 'Shahaji', '31.989000', '76.789299', '2015-12-30 11:59:19', '2015-12-31 08:12:19', 'e6f1ea3a7e6a61f45823d346d122f7cc4b68ea43e8a4bae4e09a2c37f6f97eb1_5.jpg', '/var/www/html/upload', 1),
(109, 148, 64, 'johad', '', '28.631473', '77.216779', '2015-12-31 09:19:51', '2015-12-31 09:26:07', 'e6f1ea3a7e6a61f45823d346d122f7cc4b68ea43e8a4bae4e09a2c37f6f97eb1_12.jpg', '/var/www/html/upload', 1),
(110, 152, 109, 'shahs', 'Handy', '30.729762', '76.842366', '2015-12-31 09:30:48', '2015-12-31 09:30:48', 'e6f1ea3a7e6a61f45823d346d122f7cc4b68ea43e8a4bae4e09a2c37f6f97eb1_2.jpg', '/var/www/html/upload', 1),
(111, 148, 68, 'johad', '', '30.729762', '76.842366', '2015-12-31 09:33:48', '2015-12-31 09:33:48', 'e6f1ea3a7e6a61f45823d346d122f7cc4b68ea43e8a4bae4e09a2c37f6f97eb1_1.jpg', '/var/www/html/upload', 1),
(112, 165, 63, 'Chandi', '', '30.730573', '76.847622', '2015-12-31 09:37:12', '2016-01-01 09:56:04', '17cd82b0350f55579fdecd311c4ac95499e133ff3d0d524aecf2ff9c0f6c63fb_6.jpg', '/var/www/html/upload', 1),
(113, 148, 67, 'johad', '', '30.729762', '76.842366', '2015-12-31 09:38:53', '2015-12-31 09:38:53', 'e6f1ea3a7e6a61f45823d346d122f7cc4b68ea43e8a4bae4e09a2c37f6f97eb1_2.jpg', '/var/www/html/upload', 1),
(114, 148, 66, 'talab', '', '30.729762', '76.842366', '2015-12-31 09:41:31', '2015-12-31 09:41:31', 'e6f1ea3a7e6a61f45823d346d122f7cc4b68ea43e8a4bae4e09a2c37f6f97eb1_3.jpg', '/var/www/html/upload', 1),
(115, 152, 63, 'Hdjhdd', 'Hahahahahahaha', '30.729762', '76.842366', '2015-12-31 10:42:26', '2015-12-31 10:42:26', '370ad521d530383f82b6adb2ec980751b0a85b25750cbe9f161806e88a9a612e_1.jpg', '/var/www/html/upload', 1),
(116, 152, 64, 'fifkccf', 'Cjvcivgizgz', '30.729762', '76.842366', '2015-12-31 10:53:31', '2015-12-31 10:53:31', '598b4df78c7bf07d0c780bd4bb619f4eb56207e5702254928a7f1b4e1b15eac7_1.jpg', '/var/www/html/upload', 1),
(117, 152, 64, 'nckfkvkvk', 'Nckfkvkvk', '30.729762', '76.842366', '2015-12-31 10:59:23', '2015-12-31 10:59:23', '598b4df78c7bf07d0c780bd4bb619f4eb56207e5702254928a7f1b4e1b15eac7_2.jpg', '/var/www/html/upload', 1),
(118, 152, 64, 'Igstistsiyd', 'Kgxiyoydydod', '30.729762', '76.842366', '2015-12-31 11:01:57', '2015-12-31 11:01:57', '598b4df78c7bf07d0c780bd4bb619f4eb56207e5702254928a7f1b4e1b15eac7_3.jpg', '/var/www/html/upload', 1),
(119, 152, 64, 'hczgiz', 'Hczgiz kgskgsx', '30.730939', '76.833393', '2015-12-31 12:16:20', '2015-12-31 12:16:20', '598b4df78c7bf07d0c780bd4bb619f4eb56207e5702254928a7f1b4e1b15eac7_5.jpg', '/var/www/html/upload', 1),
(120, 152, 110, 'shahs', 'Shshshdhdjd', '30.730939', '76.833393', '2015-12-31 12:19:11', '2015-12-31 12:19:11', '598b4df78c7bf07d0c780bd4bb619f4eb56207e5702254928a7f1b4e1b15eac7_6.jpg', '/var/www/html/upload', 1),
(121, 152, 63, 'hahahaha', 'Shshsjdjdndjd', '30.730939', '76.833393', '2015-12-31 13:05:39', '2015-12-31 13:05:39', '598b4df78c7bf07d0c780bd4bb619f4eb56207e5702254928a7f1b4e1b15eac7_8.jpg', '/var/www/html/upload', 1),
(122, 152, 111, 'Hdhdhjdj', 'Dhsndnd fm', '30.730939', '76.833393', '2015-12-31 13:09:41', '2015-12-31 13:09:41', '598b4df78c7bf07d0c780bd4bb619f4eb56207e5702254928a7f1b4e1b15eac7_9.jpg', '/var/www/html/upload', 1),
(123, 152, 111, 'Hdhdhjdj', 'Dhsndnd fm', '30.730939', '76.833393', '2015-12-31 13:10:23', '2015-12-31 13:10:23', '598b4df78c7bf07d0c780bd4bb619f4eb56207e5702254928a7f1b4e1b15eac7_10.jpg', '/var/www/html/upload', 1),
(124, 148, 63, 'Amit', 'Hahahaha amit', '30.715261', '76.707771', '2015-12-31 13:32:30', '2016-01-01 13:03:36', '17cd82b0350f55579fdecd311c4ac95499e133ff3d0d524aecf2ff9c0f6c63fb_21.jpg', '/var/www/html/upload', 1),
(125, 148, 63, 'fvcxvc', 'Amittest', '30.911873', '75.853257', '2016-01-01 08:08:28', '2016-01-01 12:30:54', '17cd82b0350f55579fdecd311c4ac95499e133ff3d0d524aecf2ff9c0f6c63fb_17.jpg', '/var/www/html/upload', 1),
(126, 148, 64, 'wild', 'Test', '40.713054', '-74.007228', '2016-01-01 10:25:09', '2016-01-01 10:25:09', '17cd82b0350f55579fdecd311c4ac95499e133ff3d0d524aecf2ff9c0f6c63fb_7.jpg', '/var/www/html/upload', 1),
(127, 148, 112, 'josmon', 'Test', '40.267895', '-74.412674', '2016-01-01 10:56:26', '2016-01-01 10:59:43', '17cd82b0350f55579fdecd311c4ac95499e133ff3d0d524aecf2ff9c0f6c63fb_10.jpg', '/var/www/html/upload', 1),
(128, 165, 113, 'shhssjej', 'Ghshdhdhd', '28.631473', '77.216779', '2016-01-01 11:08:27', '2016-01-01 11:08:27', '17cd82b0350f55579fdecd311c4ac95499e133ff3d0d524aecf2ff9c0f6c63fb_11.jpg', '/var/www/html/upload', 1),
(129, 148, 114, 'bandhs', 'Anit testing', '30.341389', '76.401842', '2016-01-01 11:14:57', '2016-01-01 11:14:57', '17cd82b0350f55579fdecd311c4ac95499e133ff3d0d524aecf2ff9c0f6c63fb_12.jpg', '/var/www/html/upload', 1),
(130, 165, 70, 'run away test', 'Additions notas', '37.137452', '-120.279423', '2016-01-01 11:50:48', '2016-01-06 06:52:33', '3f179e239224e2072a539e79618764a335cb11248d4fbc92ea4f6e24d7411c9d_2.jpg', '/var/www/html/upload', 1),
(131, 148, 65, 'gharr', 'Cuff hugged', '30.487301', '76.591797', '2016-01-01 12:14:35', '2016-01-01 12:15:53', '17cd82b0350f55579fdecd311c4ac95499e133ff3d0d524aecf2ff9c0f6c63fb_15.jpg', '/var/www/html/upload', 1),
(132, 148, 70, 'wolkkkkkk', '', '30.487301', '76.591797', '2016-01-04 08:25:08', '2016-01-04 08:25:08', '17cd82b0350f55579fdecd311c4ac95499e133ff3d0d524aecf2ff9c0f6c63fb_22.jpg', '/var/www/html/upload', 1),
(133, 170, 66, 'Rajpura', 'Dhdhduf', '30.487301', '76.591797', '2016-01-04 12:05:18', '2016-01-04 12:05:18', '17cd82b0350f55579fdecd311c4ac95499e133ff3d0d524aecf2ff9c0f6c63fb_23.jpg', '/var/www/html/upload', 1),
(134, 165, 74, 'johad', '', '30.722278', '76.856895', '2016-01-05 07:16:01', '2016-01-05 07:25:14', '17cd82b0350f55579fdecd311c4ac95499e133ff3d0d524aecf2ff9c0f6c63fb_26.jpg', '/var/www/html/upload', 1),
(135, 152, 92, 'animal notification testing', 'Hello notification', '30.715261', '76.707771', '2016-01-07 05:56:52', '2016-01-07 05:56:52', '598b4df78c7bf07d0c780bd4bb619f4eb56207e5702254928a7f1b4e1b15eac7_14.jpg', '/var/www/html/upload', 1),
(136, 152, 65, 'updated', 'Udupi', '30.722278', '76.856895', '2016-01-11 04:25:17', '2016-01-11 04:25:17', 'ef7f678e3b0f7b272c1713fac8e7c95b441f0f0cd24b706e7a9ff16a8409567e_2.jpg', '/var/www/html/upload', 1),
(137, 180, 65, 'updated', 'Hi fox', '18.706213', '73.791161', '2016-01-11 04:25:19', '2016-01-11 08:28:23', 'c77dcbd7fefc584e1e4504cf21d1ebe439beebf9ec7c6fcc8f491cd71985f307_20.jpg', '/var/www/html/upload', 1),
(138, 152, 115, 'hello test hereee', 'sasdfdfgff', '30.729762', '76.842366', '2016-01-11 06:25:12', '2016-01-11 09:13:11', '63be9b9effc0755250a4bf35951b364a6d6e468c1ad71ffae00969ca4e272b46_9.jpg', '/var/www/html/upload', 1),
(139, 152, 116, 'hello 2 notification ', 'Testings', '30.730939', '76.833393', '2016-01-11 06:49:13', '2016-01-11 06:49:13', '63be9b9effc0755250a4bf35951b364a6d6e468c1ad71ffae00969ca4e272b46_9.jpg', '/var/www/html/upload', 1),
(140, 152, 117, 'testing notifications ', 'Hello notification', '30.730939', '76.833393', '2016-01-11 06:52:52', '2016-01-11 06:52:52', '63be9b9effc0755250a4bf35951b364a6d6e468c1ad71ffae00969ca4e272b46_10.jpg', '/var/www/html/upload', 1),
(141, 180, 69, 'gluts', 'Testing', '30.730573', '76.847622', '2016-01-11 07:23:42', '2016-01-11 08:23:50', 'c77dcbd7fefc584e1e4504cf21d1ebe439beebf9ec7c6fcc8f491cd71985f307_17.jpg', '/var/www/html/upload', 1),
(142, 180, 66, 'Anit animal title', 'Animal', '30.729762', '76.842366', '2016-01-11 08:16:57', '2016-01-11 08:16:57', 'c77dcbd7fefc584e1e4504cf21d1ebe439beebf9ec7c6fcc8f491cd71985f307_16.jpg', '/var/www/html/upload', 1),
(143, 180, 113, 'hello friends oooo', 'Hello friends', '30.730939', '76.833393', '2016-01-11 08:24:06', '2016-01-11 08:24:52', 'c77dcbd7fefc584e1e4504cf21d1ebe439beebf9ec7c6fcc8f491cd71985f307_18.jpg', '/var/www/html/upload', 1),
(144, 152, 115, 'hello friends ', 'Hello friends', '30.730939', '76.833393', '2016-01-11 08:25:32', '2016-01-11 08:25:32', '63be9b9effc0755250a4bf35951b364a6d6e468c1ad71ffae00969ca4e272b46_13.jpg', '/var/www/html/upload', 1),
(145, 152, 66, 'texting ', 'Testing post data', '30.729762', '76.842366', '2016-01-11 09:23:23', '2016-01-11 09:23:23', '63be9b9effc0755250a4bf35951b364a6d6e468c1ad71ffae00969ca4e272b46_16.jpg', '/var/www/html/upload', 1),
(146, 152, 119, 'testing 321', 'Hello', '30.729762', '76.842366', '2016-01-11 09:25:36', '2016-01-11 09:25:36', '63be9b9effc0755250a4bf35951b364a6d6e468c1ad71ffae00969ca4e272b46_17.jpg', '/var/www/html/upload', 1),
(147, 152, 120, 'hello 321', 'Bshsndis', '30.729762', '76.842366', '2016-01-11 09:27:33', '2016-01-11 09:27:33', '63be9b9effc0755250a4bf35951b364a6d6e468c1ad71ffae00969ca4e272b46_18.jpg', '/var/www/html/upload', 1),
(148, 152, 115, 'hello test hereee', 'sasdfdfgff', '30.729762', '76.842366', '2016-01-11 09:33:10', '2016-01-11 09:33:10', '.jpg', '/var/www/html/upload', 1),
(149, 152, 115, 'hello test hereee', 'sasdfdfgff', '30.729762', '76.842366', '2016-01-11 09:37:32', '2016-01-11 09:37:32', '.jpg', '/var/www/html/upload', 1),
(150, 152, 115, 'hello test hereee', 'sasdfdfgff', '30.729762', '76.842366', '2016-01-11 09:44:35', '2016-01-11 09:44:35', '.jpg', '/var/www/html/upload', 1),
(151, 152, 121, 'tegsnsvs', 'Shsjhsshdj', '30.729762', '76.842366', '2016-01-11 09:46:13', '2016-01-11 09:46:13', '63be9b9effc0755250a4bf35951b364a6d6e468c1ad71ffae00969ca4e272b46_19.jpg', '/var/www/html/upload', 1),
(152, 152, 115, 'hello test hereee', 'sasdfdfgff', '30.729762', '76.842366', '2016-01-11 09:46:17', '2016-01-11 09:46:17', '.jpg', '/var/www/html/upload', 1),
(153, 152, 115, 'hello test hereee', 'sasdfdfgff', '30.729762', '76.842366', '2016-01-11 09:47:33', '2016-01-11 09:47:33', '.jpg', '/var/www/html/upload', 1),
(154, 152, 122, 'testing 456', 'Badges', '30.729762', '76.842366', '2016-01-11 09:59:34', '2016-01-11 09:59:34', '63be9b9effc0755250a4bf35951b364a6d6e468c1ad71ffae00969ca4e272b46_20.jpg', '/var/www/html/upload', 1),
(155, 180, 123, 'test', 'Test', '30.743338', '76.811120', '2016-01-11 10:07:09', '2016-01-11 10:11:28', 'c77dcbd7fefc584e1e4504cf21d1ebe439beebf9ec7c6fcc8f491cd71985f307_23.jpg', '/var/www/html/upload', 1),
(156, 152, 63, 'Jdjdjjdjdj', 'Bshsndis', '30.729762', '76.842366', '2016-01-12 06:03:17', '2016-01-12 06:03:17', '47e3b0e08bf7da6be8caa77acad05f22853206de03ea76189372cea2bfb53f49_2.jpg', '/var/www/html/upload', 1),
(157, 165, 71, 'test', '', '0.000000', '0.000000', '2016-01-12 06:27:37', '2016-01-12 06:27:37', '7ee7da28930368874e8a76761aed03ce3893903e1e151350250dec8db46da74e_2.jpg', '/var/www/html/upload', 1),
(158, 165, 63, 'amit ', 'Dhdhduf', '30.729762', '76.842366', '2016-01-12 06:30:00', '2016-01-12 06:30:00', '7ee7da28930368874e8a76761aed03ce3893903e1e151350250dec8db46da74e_3.jpg', '/var/www/html/upload', 1),
(159, 152, 63, 'Anit post', 'Hdjhdd', '30.729762', '76.842366', '2016-01-12 06:32:31', '2016-01-12 06:32:31', '47e3b0e08bf7da6be8caa77acad05f22853206de03ea76189372cea2bfb53f49_8.jpg', '/var/www/html/upload', 1),
(160, 152, 63, 'Ndjjd', 'Dhsndnd', '30.729762', '76.842366', '2016-01-12 06:32:52', '2016-01-12 06:32:52', '47e3b0e08bf7da6be8caa77acad05f22853206de03ea76189372cea2bfb53f49_9.jpg', '/var/www/html/upload', 1),
(161, 152, 63, 'band', 'Hdhdhjdj', '30.729762', '76.842366', '2016-01-12 06:35:01', '2016-01-12 06:35:01', '47e3b0e08bf7da6be8caa77acad05f22853206de03ea76189372cea2bfb53f49_10.jpg', '/var/www/html/upload', 1),
(162, 148, 120, '    test', '', '40.750807', '-73.998018', '2016-01-12 06:52:55', '2016-01-12 06:52:55', '7ee7da28930368874e8a76761aed03ce3893903e1e151350250dec8db46da74e_4.jpg', '/var/www/html/upload', 1),
(163, 148, 126, 'new', 'Test', '40.745922', '-73.986431', '2016-01-12 07:29:10', '2016-01-12 07:29:10', '7ee7da28930368874e8a76761aed03ce3893903e1e151350250dec8db46da74e_5.jpg', '/var/www/html/upload', 1),
(164, 152, 63, 'hdhdhjdjdhdjdjdjdjdjdjd', '', '30.729762', '76.842366', '2016-01-12 07:32:04', '2016-01-12 07:32:04', '47e3b0e08bf7da6be8caa77acad05f22853206de03ea76189372cea2bfb53f49_11.jpg', '/var/www/html/upload', 1),
(165, 148, 126, 'test', 'Test', '40.745922', '-73.986431', '2016-01-12 08:11:46', '2016-01-12 08:11:46', '7ee7da28930368874e8a76761aed03ce3893903e1e151350250dec8db46da74e_6.jpg', '/var/www/html/upload', 1),
(166, 152, 63, 'hshshdhhdhhsjjshsjjjs', 'Shshsjdjdndjd', '30.729762', '76.842366', '2016-01-12 08:21:11', '2016-01-12 08:21:11', '47e3b0e08bf7da6be8caa77acad05f22853206de03ea76189372cea2bfb53f49_12.jpg', '/var/www/html/upload', 1),
(167, 152, 63, 'Hdhdhjdj', 'Shjsbdjdndjsbs', '30.729762', '76.842366', '2016-01-12 08:21:49', '2016-01-12 08:21:49', '47e3b0e08bf7da6be8caa77acad05f22853206de03ea76189372cea2bfb53f49_13.jpg', '/var/www/html/upload', 1),
(168, 152, 63, 'notification', 'Kh xgoxhoochc', '30.729762', '76.842366', '2016-01-12 08:22:21', '2016-01-12 08:22:21', '47e3b0e08bf7da6be8caa77acad05f22853206de03ea76189372cea2bfb53f49_14.jpg', '/var/www/html/upload', 1),
(169, 152, 63, 'bshsndis notification ', 'Bdhdhdhdud', '30.729762', '76.842366', '2016-01-12 08:25:04', '2016-01-12 08:25:04', '47e3b0e08bf7da6be8caa77acad05f22853206de03ea76189372cea2bfb53f49_15.jpg', '/var/www/html/upload', 1),
(170, 152, 63, 'hczgiz', 'Jfjfvivivi', '30.729762', '76.842366', '2016-01-12 08:25:49', '2016-01-12 08:25:49', '47e3b0e08bf7da6be8caa77acad05f22853206de03ea76189372cea2bfb53f49_16.jpg', '/var/www/html/upload', 1),
(171, 152, 63, 'Agatha', 'Shshsh ja', '30.729762', '76.842366', '2016-01-12 09:45:14', '2016-01-12 09:45:14', '47e3b0e08bf7da6be8caa77acad05f22853206de03ea76189372cea2bfb53f49_17.jpg', '/var/www/html/upload', 1),
(172, 152, 127, 'Anit testing 1', 'Anit testing 1', '30.729762', '76.842366', '2016-01-12 12:06:53', '2016-01-12 12:06:53', '47e3b0e08bf7da6be8caa77acad05f22853206de03ea76189372cea2bfb53f49_18.jpg', '/var/www/html/upload', 1),
(173, 152, 63, 'Anit testing 2', 'Anit testing 2', '30.729762', '76.842366', '2016-01-12 12:08:11', '2016-01-12 12:08:11', '47e3b0e08bf7da6be8caa77acad05f22853206de03ea76189372cea2bfb53f49_19.jpg', '/var/www/html/upload', 1),
(174, 152, 128, 'Mail testing ', 'Testing mail', '30.729762', '76.842366', '2016-01-12 13:09:34', '2016-01-12 13:09:34', '47e3b0e08bf7da6be8caa77acad05f22853206de03ea76189372cea2bfb53f49_20.jpg', '/var/www/html/upload', 1),
(175, 152, 128, 'Mail testing ', 'Mail testing', '30.729762', '76.842366', '2016-01-12 13:11:02', '2016-01-12 13:11:02', '47e3b0e08bf7da6be8caa77acad05f22853206de03ea76189372cea2bfb53f49_21.jpg', '/var/www/html/upload', 1),
(176, 152, 129, 'no email', 'No email testing', '30.729762', '76.842366', '2016-01-12 13:21:16', '2016-01-12 13:21:16', '47e3b0e08bf7da6be8caa77acad05f22853206de03ea76189372cea2bfb53f49_22.jpg', '/var/www/html/upload', 1),
(177, 152, 130, 'email testing ', 'Email testing', '30.729762', '76.842366', '2016-01-12 13:23:00', '2016-01-12 13:23:00', '47e3b0e08bf7da6be8caa77acad05f22853206de03ea76189372cea2bfb53f49_23.jpg', '/var/www/html/upload', 1),
(178, 152, 131, 'Anit Mail 1', 'Anit Mail 1', '30.729762', '76.842366', '2016-01-12 13:32:01', '2016-01-12 13:32:01', '47e3b0e08bf7da6be8caa77acad05f22853206de03ea76189372cea2bfb53f49_24.jpg', '/var/www/html/upload', 1),
(179, 152, 63, 'Anit animal', 'Anit animal', '30.729762', '76.842366', '2016-01-12 13:33:17', '2016-01-12 13:33:17', '47e3b0e08bf7da6be8caa77acad05f22853206de03ea76189372cea2bfb53f49_25.jpg', '/var/www/html/upload', 1),
(180, 152, 63, 'hshshdhhdhhsjjshsjjjs', 'Senses ja', '31.847340', '76.932616', '2016-01-12 13:39:57', '2016-01-12 13:39:57', '47e3b0e08bf7da6be8caa77acad05f22853206de03ea76189372cea2bfb53f49_26.jpg', '/var/www/html/upload', 1),
(181, 148, 65, 'foxxxxxi', 'Ffffggv from', '30.729762', '76.842366', '2016-01-12 14:14:10', '2016-01-12 14:14:10', '7e185489511e3f8f38d817fcc1d1831c0845494af0a6b24b9254bf3204056050_1.jpg', '/var/www/html/upload', 1),
(182, 159, 89, 'Jesse @Foundry', '', '40.016210', '-105.281310', '2016-01-12 18:01:10', '2016-01-12 18:01:10', '1d2daf3517ca997a509d4043546cad244769b6d17bb8b9db4e0202264c93c788_9.jpg', '/var/www/html/upload', 1),
(183, 152, 132, 'Shane', 'Shshsh', '30.729762', '76.842366', '2016-01-13 04:20:13', '2016-01-13 04:20:13', '6509412a7da3247df7f02e92966b99bea3eb245416f836e9ef4931313b5ace13_1.jpg', '/var/www/html/upload', 1),
(184, 148, 63, 'Diggy', '', '30.729762', '76.842366', '2016-01-13 04:21:26', '2016-01-13 04:21:26', '7e185489511e3f8f38d817fcc1d1831c0845494af0a6b24b9254bf3204056050_2.jpg', '/var/www/html/upload', 1),
(185, 148, 133, 'she''s', 'Shahs', '30.729762', '76.842366', '2016-01-13 04:34:29', '2016-01-13 04:34:29', '86f2313ebabb54afaaddfa503f17d1c08343d253cdc8253592648415ce5cb01c_1.jpg', '/var/www/html/upload', 1),
(186, 148, 134, 'shahs', 'Hshshshsh', '30.729762', '76.842366', '2016-01-13 04:48:38', '2016-01-13 04:48:38', '86f2313ebabb54afaaddfa503f17d1c08343d253cdc8253592648415ce5cb01c_2.jpg', '/var/www/html/upload', 1),
(187, 148, 132, 'shahs', 'Shahs', '30.729762', '76.842366', '2016-01-13 04:49:06', '2016-01-13 04:49:06', '86f2313ebabb54afaaddfa503f17d1c08343d253cdc8253592648415ce5cb01c_3.jpg', '/var/www/html/upload', 1),
(188, 148, 135, 'ctc', 'H ch', '30.729762', '76.842366', '2016-01-13 04:50:48', '2016-01-13 04:50:48', '86f2313ebabb54afaaddfa503f17d1c08343d253cdc8253592648415ce5cb01c_4.jpg', '/var/www/html/upload', 1),
(189, 148, 64, 'chuff jc', '', '30.729762', '76.842366', '2016-01-13 05:13:49', '2016-01-13 05:13:49', '86f2313ebabb54afaaddfa503f17d1c08343d253cdc8253592648415ce5cb01c_5.jpg', '/var/www/html/upload', 1),
(190, 148, 63, 'tc jc ', '', '30.729762', '76.842366', '2016-01-13 05:16:57', '2016-01-13 05:16:57', '86f2313ebabb54afaaddfa503f17d1c08343d253cdc8253592648415ce5cb01c_6.jpg', '/var/www/html/upload', 1),
(191, 148, 64, 'Dhondy ', '', '30.729762', '76.842366', '2016-01-13 05:19:09', '2016-01-13 05:19:09', '2cc8983a3e68215f5d2a833c74ed9f7dab1d9510fef1fcc3693761f0536e0009_1.jpg', '/var/www/html/upload', 1),
(192, 148, 64, 'thirst fugitives', 'Drifts to', '30.729762', '76.842366', '2016-01-13 05:27:51', '2016-01-13 05:27:51', '2cc8983a3e68215f5d2a833c74ed9f7dab1d9510fef1fcc3693761f0536e0009_2.jpg', '/var/www/html/upload', 1),
(193, 148, 65, 'upcountry ', '', '30.729762', '76.842366', '2016-01-13 05:34:43', '2016-01-13 05:34:43', '86f2313ebabb54afaaddfa503f17d1c08343d253cdc8253592648415ce5cb01c_7.jpg', '/var/www/html/upload', 1),
(194, 148, 64, 'g t guy from', '', '30.729762', '76.842366', '2016-01-13 05:39:29', '2016-01-13 05:39:29', '86f2313ebabb54afaaddfa503f17d1c08343d253cdc8253592648415ce5cb01c_8.jpg', '/var/www/html/upload', 1),
(195, 148, 67, 'dnndjxnddh', 'Bdnxnxkc', '30.729762', '76.842366', '2016-01-13 05:40:39', '2016-01-13 05:40:39', '86f2313ebabb54afaaddfa503f17d1c08343d253cdc8253592648415ce5cb01c_9.jpg', '/var/www/html/upload', 1),
(196, 148, 136, 'lgiii', 'Civil icky', '30.729762', '76.842366', '2016-01-13 05:45:32', '2016-01-13 05:45:32', '86f2313ebabb54afaaddfa503f17d1c08343d253cdc8253592648415ce5cb01c_10.jpg', '/var/www/html/upload', 1),
(197, 148, 137, 'chha', 'Hshshshsh', '30.729762', '76.842366', '2016-01-13 05:46:13', '2016-01-13 05:46:13', '86f2313ebabb54afaaddfa503f17d1c08343d253cdc8253592648415ce5cb01c_11.jpg', '/var/www/html/upload', 1),
(198, 152, 63, 'bxhdfjffuch', 'Nckfkvkvk', '30.729762', '76.842366', '2016-01-13 05:47:17', '2016-01-13 05:47:17', '6509412a7da3247df7f02e92966b99bea3eb245416f836e9ef4931313b5ace13_2.jpg', '/var/www/html/upload', 1),
(199, 152, 63, 'vsbhaba', 'Shshsh as', '30.729762', '76.842366', '2016-01-13 06:05:50', '2016-01-13 06:05:50', '2132a69f76a7ca4653c89df192e27641e960a353c9834de30576f9a8e2a4ab80_1.jpg', '/var/www/html/upload', 1),
(200, 148, 67, 'FYI', 'Fight', '30.729762', '76.842366', '2016-01-13 07:30:07', '2016-01-13 07:30:07', '86f2313ebabb54afaaddfa503f17d1c08343d253cdc8253592648415ce5cb01c_12.jpg', '/var/www/html/upload', 1),
(201, 148, 63, 'kudu krogi', 'Ditto duo', '30.729762', '76.842366', '2016-01-13 07:34:51', '2016-01-13 07:34:51', '86f2313ebabb54afaaddfa503f17d1c08343d253cdc8253592648415ce5cb01c_13.jpg', '/var/www/html/upload', 1),
(202, 148, 64, 'tiger', 'Test', '50.226894', '-85.945399', '2016-01-13 07:38:27', '2016-01-13 07:38:27', '2cc8983a3e68215f5d2a833c74ed9f7dab1d9510fef1fcc3693761f0536e0009_3.jpg', '/var/www/html/upload', 1),
(203, 148, 63, 'rhi', 'Dying', '30.729762', '76.842366', '2016-01-13 07:47:07', '2016-01-13 07:47:07', '86f2313ebabb54afaaddfa503f17d1c08343d253cdc8253592648415ce5cb01c_14.jpg', '/var/www/html/upload', 1),
(204, 148, 63, 'fufu', 'High', '30.729762', '76.842366', '2016-01-13 08:04:04', '2016-01-13 08:04:04', '86f2313ebabb54afaaddfa503f17d1c08343d253cdc8253592648415ce5cb01c_15.jpg', '/var/www/html/upload', 1),
(205, 152, 138, 'Ghhhhh', 'Ghhhhh', '30.729762', '76.842366', '2016-01-13 08:07:38', '2016-01-13 08:07:38', '2132a69f76a7ca4653c89df192e27641e960a353c9834de30576f9a8e2a4ab80_2.jpg', '/var/www/html/upload', 1);

--
-- Constraints for dumped tables
--

--
-- Constraints for table `animals`
--
ALTER TABLE `animals`
  ADD CONSTRAINT `animals_ibfk_1` FOREIGN KEY (`threat_level_id`) REFERENCES `threat_levels` (`id`) ON DELETE CASCADE ON UPDATE CASCADE,
  ADD CONSTRAINT `animals_ibfk_2` FOREIGN KEY (`category_id`) REFERENCES `categories` (`id`) ON DELETE CASCADE ON UPDATE CASCADE;

--
-- Constraints for table `user_devices`
--
ALTER TABLE `user_devices`
  ADD CONSTRAINT `user_devices_ibfk_1` FOREIGN KEY (`user_id`) REFERENCES `user` (`id`) ON DELETE CASCADE ON UPDATE CASCADE;

--
-- Constraints for table `user_locations`
--
ALTER TABLE `user_locations`
  ADD CONSTRAINT `user_locations_ibfk_1` FOREIGN KEY (`user_id`) REFERENCES `user` (`id`) ON DELETE CASCADE ON UPDATE CASCADE;

--
-- Constraints for table `wild_alert_posts`
--
ALTER TABLE `wild_alert_posts`
  ADD CONSTRAINT `wild_alert_posts_ibfk_1` FOREIGN KEY (`user_id`) REFERENCES `user` (`id`) ON DELETE CASCADE ON UPDATE CASCADE,
  ADD CONSTRAINT `wild_alert_posts_ibfk_2` FOREIGN KEY (`animal_id`) REFERENCES `animals` (`id`) ON DELETE CASCADE ON UPDATE CASCADE;

/*!40101 SET CHARACTER_SET_CLIENT=@OLD_CHARACTER_SET_CLIENT */;
/*!40101 SET CHARACTER_SET_RESULTS=@OLD_CHARACTER_SET_RESULTS */;
/*!40101 SET COLLATION_CONNECTION=@OLD_COLLATION_CONNECTION */;
